unit,method,metric,response,category,n,median_dRMSE,pct_sites_improved,p_onesided_wilcoxon,q_BH,sig
M1vsM2_12m,tertiles,Absolute Mortality,ETmax,High,37,-2e-05,51.4,0.1787,0.1986,ns
M1vsM2_12m,tertiles,Absolute Mortality,GPPsat,High,37,-0.80601,73,0.005393,0.01348,*
M1vsM2_12m,tertiles,Absolute Mortality,NEPmax,High,37,-1.29913,62.2,0.002883,0.008649,**
M1vsM2_12m,tertiles,Absolute Mortality,WUE,High,37,-0.05715,62.2,0.08969,0.117,ns
M1vsM2_12m,tertiles,Absolute Mortality,uWUE,High,37,0.00788,45.9,0.44,0.44,ns
M1vsM2_12m,tertiles,Absolute Mortality,ETmax,Low+Mid,75,-0.00274,56,0.02882,0.06177,ns
M1vsM2_12m,tertiles,Absolute Mortality,GPPsat,Low+Mid,75,-1.15095,74.7,5.141e-05,0.001135,**
M1vsM2_12m,tertiles,Absolute Mortality,NEPmax,Low+Mid,75,-1.04857,68,0.0006808,0.0048,**
M1vsM2_12m,tertiles,Absolute Mortality,WUE,Low+Mid,75,-0.04446,58.7,0.06449,0.1072,ns
M1vsM2_12m,tertiles,Absolute Mortality,uWUE,Low+Mid,75,-0.02079,56,0.05278,0.09826,ns
M1vsM2_12m,tertiles,Relative Mortality,ETmax,High,37,-0.00274,59.5,0.08258,0.1126,ns
M1vsM2_12m,tertiles,Relative Mortality,GPPsat,High,37,-0.93741,73,0.002883,0.008649,**
M1vsM2_12m,tertiles,Relative Mortality,NEPmax,High,37,-1.14574,64.9,0.001408,0.006035,**
M1vsM2_12m,tertiles,Relative Mortality,WUE,High,37,-0.03375,51.4,0.08258,0.1126,ns
M1vsM2_12m,tertiles,Relative Mortality,uWUE,High,37,0.00788,45.9,0.2884,0.2983,ns
M1vsM2_12m,tertiles,Relative Mortality,ETmax,Low+Mid,75,-0.00043,52,0.05278,0.09826,ns
M1vsM2_12m,tertiles,Relative Mortality,GPPsat,Low+Mid,75,-1.03013,74.7,0.0001304,0.001304,**
M1vsM2_12m,tertiles,Relative Mortality,NEPmax,Low+Mid,75,-1.04857,66.7,0.0008937,0.0048,**
M1vsM2_12m,tertiles,Relative Mortality,WUE,Low+Mid,75,-0.05715,64,0.06788,0.1072,ns
M1vsM2_12m,tertiles,Relative Mortality,uWUE,Low+Mid,75,-0.02079,56,0.1078,0.1294,ns
M1vsM2_12m,tertiles,Relative Disturbance,ETmax,High,37,-0.00274,59.5,0.07808,0.1126,ns
M1vsM2_12m,tertiles,Relative Disturbance,GPPsat,High,37,-0.8302,70.3,0.004332,0.01182,*
M1vsM2_12m,tertiles,Relative Disturbance,NEPmax,High,37,-1.14574,64.9,0.001886,0.007074,**
M1vsM2_12m,tertiles,Relative Disturbance,WUE,High,37,0.01875,48.6,0.1787,0.1986,ns
M1vsM2_12m,tertiles,Relative Disturbance,uWUE,High,37,0.00788,45.9,0.2731,0.2926,ns
M1vsM2_12m,tertiles,Relative Disturbance,ETmax,Low+Mid,75,-0.00043,52,0.05568,0.09826,ns
M1vsM2_12m,tertiles,Relative Disturbance,GPPsat,Low+Mid,75,-1.03013,76,7.569e-05,0.001135,**
M1vsM2_12m,tertiles,Relative Disturbance,NEPmax,Low+Mid,75,-1.04857,66.7,0.00096,0.0048,**
M1vsM2_12m,tertiles,Relative Disturbance,WUE,Low+Mid,75,-0.05936,65.3,0.02459,0.05675,ns
M1vsM2_12m,tertiles,Relative Disturbance,uWUE,Low+Mid,75,-0.02079,56,0.103,0.1287,ns
M1vsM2_12m,equal_width,Absolute Mortality,ETmax,Low+Mid,106,-0.00244,54.7,0.0139,0.05558,ns
M1vsM2_12m,equal_width,Absolute Mortality,GPPsat,Low+Mid,106,-1.09054,75.5,2.192e-06,6.576e-05,***
M1vsM2_12m,equal_width,Absolute Mortality,NEPmax,Low+Mid,106,-1.15441,67,1.924e-05,0.0001443,***
M1vsM2_12m,equal_width,Absolute Mortality,WUE,Low+Mid,106,-0.05461,61.3,0.01482,0.05558,ns
M1vsM2_12m,equal_width,Absolute Mortality,uWUE,Low+Mid,106,-0.01704,53.8,0.07851,0.1376,ns
M1vsM2_12m,equal_width,Absolute Mortality,ETmax,High,6,-9e-05,50,0.5,0.5357,ns
M1vsM2_12m,equal_width,Absolute Mortality,GPPsat,High,6,-0.18108,50,0.5,0.5357,ns
M1vsM2_12m,equal_width,Absolute Mortality,NEPmax,High,6,-0.33952,50,0.2647,0.3245,ns
M1vsM2_12m,equal_width,Absolute Mortality,WUE,High,6,0.07039,33.3,0.7353,0.7353,ns
M1vsM2_12m,equal_width,Absolute Mortality,uWUE,High,6,0.04805,33.3,0.583,0.6031,ns
M1vsM2_12m,equal_width,Relative Mortality,ETmax,Low+Mid,104,-0.00191,53.8,0.01966,0.06065,ns
M1vsM2_12m,equal_width,Relative Mortality,GPPsat,Low+Mid,104,-1.02886,74,5.862e-06,8.793e-05,***
M1vsM2_12m,equal_width,Relative Mortality,NEPmax,Low+Mid,104,-1.09716,66.3,3.533e-05,0.000212,***
M1vsM2_12m,equal_width,Relative Mortality,WUE,Low+Mid,104,-0.04323,59.6,0.05695,0.1068,ns
M1vsM2_12m,equal_width,Relative Mortality,uWUE,Low+Mid,104,-0.00554,51.9,0.1508,0.2057,ns
M1vsM2_12m,equal_width,Relative Mortality,ETmax,High,8,-0.003,62.5,0.3631,0.419,ns
M1vsM2_12m,equal_width,Relative Mortality,GPPsat,High,8,-0.88224,75,0.09172,0.1376,ns
M1vsM2_12m,equal_width,Relative Mortality,NEPmax,High,8,-0.84124,62.5,0.09172,0.1376,ns
M1vsM2_12m,equal_width,Relative Mortality,WUE,High,8,-0.29287,62.5,0.05366,0.1068,ns
M1vsM2_12m,equal_width,Relative Mortality,uWUE,High,8,-0.16983,62.5,0.117,0.1671,ns
M1vsM2_12m,equal_width,Relative Disturbance,ETmax,Low+Mid,102,-0.00191,53.9,0.02224,0.06065,ns
M1vsM2_12m,equal_width,Relative Disturbance,GPPsat,Low+Mid,102,-1.00441,73.5,1.04e-05,0.000104,***
M1vsM2_12m,equal_width,Relative Disturbance,NEPmax,Low+Mid,102,-1.02029,65.7,7.67e-05,0.0003835,***
M1vsM2_12m,equal_width,Relative Disturbance,WUE,Low+Mid,102,-0.04149,58.8,0.08451,0.1376,ns
M1vsM2_12m,equal_width,Relative Disturbance,uWUE,Low+Mid,102,-0.00388,51,0.2203,0.2874,ns
M1vsM2_12m,equal_width,Relative Disturbance,ETmax,High,10,-0.003,60,0.2704,0.3245,ns
M1vsM2_12m,equal_width,Relative Disturbance,GPPsat,High,10,-1.09263,80,0.04157,0.09592,ns
M1vsM2_12m,equal_width,Relative Disturbance,NEPmax,High,10,-2.46,70,0.02639,0.06598,ns
M1vsM2_12m,equal_width,Relative Disturbance,WUE,High,10,-0.29287,70,0.02075,0.06065,ns
M1vsM2_12m,equal_width,Relative Disturbance,uWUE,High,10,-0.25778,70,0.05146,0.1068,ns
M1vsM2_12m,natural_breaks,Absolute Mortality,ETmax,High,29,-0.00283,58.6,0.1351,0.1621,ns
M1vsM2_12m,natural_breaks,Absolute Mortality,GPPsat,High,29,-1.03013,69,0.0153,0.04172,*
M1vsM2_12m,natural_breaks,Absolute Mortality,NEPmax,High,29,-1.82763,62.1,0.005039,0.0189,*
M1vsM2_12m,natural_breaks,Absolute Mortality,WUE,High,29,-0.06059,55.2,0.1304,0.1621,ns
M1vsM2_12m,natural_breaks,Absolute Mortality,uWUE,High,29,0.01963,41.4,0.3976,0.3976,ns
M1vsM2_12m,natural_breaks,Absolute Mortality,ETmax,Low+Mid,83,-0.00084,53,0.03556,0.07032,ns
M1vsM2_12m,natural_breaks,Absolute Mortality,GPPsat,Low+Mid,83,-0.98123,75.9,2.215e-05,0.0003952,***
M1vsM2_12m,natural_breaks,Absolute Mortality,NEPmax,Low+Mid,83,-0.99201,67.5,0.0005186,0.003111,**
M1vsM2_12m,natural_breaks,Absolute Mortality,WUE,Low+Mid,83,-0.04446,61.4,0.03926,0.07032,ns
M1vsM2_12m,natural_breaks,Absolute Mortality,uWUE,Low+Mid,83,-0.02079,56.6,0.07034,0.1055,ns
M1vsM2_12m,natural_breaks,Relative Mortality,ETmax,Low+Mid,86,-0.00244,53.5,0.02263,0.05222,ns
M1vsM2_12m,natural_breaks,Relative Mortality,GPPsat,Low+Mid,86,-1.09907,75.6,2.635e-05,0.0003952,***
M1vsM2_12m,natural_breaks,Relative Mortality,NEPmax,Low+Mid,86,-1.16644,66.3,0.0002681,0.002011,**
M1vsM2_12m,natural_breaks,Relative Mortality,WUE,Low+Mid,86,-0.04704,60.5,0.08817,0.1202,ns
M1vsM2_12m,natural_breaks,Relative Mortality,uWUE,Low+Mid,86,-0.00536,51.2,0.2878,0.2977,ns
M1vsM2_12m,natural_breaks,Relative Mortality,ETmax,High,26,-0.00126,57.7,0.2155,0.2309,ns
M1vsM2_12m,natural_breaks,Relative Mortality,GPPsat,High,26,-0.71735,69.2,0.02109,0.05222,ns
M1vsM2_12m,natural_breaks,Relative Mortality,NEPmax,High,26,-0.88418,65.4,0.006405,0.02135,*
M1vsM2_12m,natural_breaks,Relative Mortality,WUE,High,26,-0.05904,57.7,0.03985,0.07032,ns
M1vsM2_12m,natural_breaks,Relative Mortality,uWUE,High,26,-0.02646,57.7,0.04938,0.08226,ns
M1vsM2_12m,natural_breaks,Relative Disturbance,ETmax,Low+Mid,88,-0.00128,52.3,0.02664,0.05708,ns
M1vsM2_12m,natural_breaks,Relative Disturbance,GPPsat,Low+Mid,88,-1.00441,73.9,5.047e-05,0.0005047,***
M1vsM2_12m,natural_breaks,Relative Disturbance,NEPmax,Low+Mid,88,-1.02029,64.8,0.0006731,0.003366,**
M1vsM2_12m,natural_breaks,Relative Disturbance,WUE,Low+Mid,88,-0.04827,61.4,0.0521,0.08226,ns
M1vsM2_12m,natural_breaks,Relative Disturbance,uWUE,Low+Mid,88,-0.01051,52.3,0.1741,0.1962,ns
M1vsM2_12m,natural_breaks,Relative Disturbance,ETmax,High,24,-0.00221,62.5,0.1766,0.1962,ns
M1vsM2_12m,natural_breaks,Relative Disturbance,GPPsat,High,24,-1.07832,75,0.008523,0.02557,*
M1vsM2_12m,natural_breaks,Relative Disturbance,NEPmax,High,24,-1.22244,70.8,0.001703,0.007297,**
M1vsM2_12m,natural_breaks,Relative Disturbance,WUE,High,24,-0.05369,54.2,0.08292,0.1185,ns
M1vsM2_12m,natural_breaks,Relative Disturbance,uWUE,High,24,-0.01317,54.2,0.1179,0.1537,ns
M1vsM2_24m,tertiles,Absolute Mortality,ETmax,High,37,-0.00125,62.2,0.06964,0.1128,ns
M1vsM2_24m,tertiles,Absolute Mortality,GPPsat,High,37,-0.46465,62.2,0.01008,0.0252,*
M1vsM2_24m,tertiles,Absolute Mortality,NEPmax,High,37,-1.01097,56.8,0.003623,0.00988,**
M1vsM2_24m,tertiles,Absolute Mortality,WUE,High,37,-0.08418,56.8,0.09216,0.1317,ns
M1vsM2_24m,tertiles,Absolute Mortality,uWUE,High,37,0.00323,48.6,0.393,0.393,ns
M1vsM2_24m,tertiles,Absolute Mortality,ETmax,Low+Mid,75,-0.00074,54.7,0.1232,0.1369,ns
M1vsM2_24m,tertiles,Absolute Mortality,GPPsat,Low+Mid,75,-0.88742,72,2.896e-05,0.0008687,***
M1vsM2_24m,tertiles,Absolute Mortality,NEPmax,Low+Mid,75,-0.89935,68,0.001031,0.005455,**
M1vsM2_24m,tertiles,Absolute Mortality,WUE,Low+Mid,75,-0.05367,58.7,0.05568,0.1044,ns
M1vsM2_24m,tertiles,Absolute Mortality,uWUE,Low+Mid,75,-0.02988,60,0.03248,0.07495,ns
M1vsM2_24m,tertiles,Relative Mortality,ETmax,High,37,-4e-04,56.8,0.2345,0.2426,ns
M1vsM2_24m,tertiles,Relative Mortality,GPPsat,High,37,-0.95006,67.6,0.001154,0.005455,**
M1vsM2_24m,tertiles,Relative Mortality,NEPmax,High,37,-1.07039,62.2,0.001631,0.006118,**
M1vsM2_24m,tertiles,Relative Mortality,WUE,High,37,-0.05719,56.8,0.06011,0.1061,ns
M1vsM2_24m,tertiles,Relative Mortality,uWUE,High,37,-0.02335,51.4,0.1109,0.1369,ns
M1vsM2_24m,tertiles,Relative Mortality,ETmax,Low+Mid,75,-0.00123,57.3,0.05451,0.1044,ns
M1vsM2_24m,tertiles,Relative Mortality,GPPsat,Low+Mid,75,-0.80036,69.3,0.0001956,0.001956,**
M1vsM2_24m,tertiles,Relative Mortality,NEPmax,Low+Mid,75,-0.8968,65.3,0.001273,0.005455,**
M1vsM2_24m,tertiles,Relative Mortality,WUE,Low+Mid,75,-0.06037,58.7,0.07889,0.1183,ns
M1vsM2_24m,tertiles,Relative Mortality,uWUE,Low+Mid,75,-0.02657,58.7,0.1221,0.1369,ns
M1vsM2_24m,tertiles,Relative Disturbance,ETmax,High,37,-0.00027,54.1,0.1991,0.2133,ns
M1vsM2_24m,tertiles,Relative Disturbance,GPPsat,High,37,-0.93663,67.6,0.001979,0.006597,**
M1vsM2_24m,tertiles,Relative Disturbance,NEPmax,High,37,-1.07039,62.2,0.003308,0.00988,**
M1vsM2_24m,tertiles,Relative Disturbance,WUE,High,37,-0.0233,51.4,0.1109,0.1369,ns
M1vsM2_24m,tertiles,Relative Disturbance,uWUE,High,37,-0.02335,51.4,0.1025,0.1369,ns
M1vsM2_24m,tertiles,Relative Disturbance,ETmax,Low+Mid,75,-0.00123,58.7,0.07141,0.1128,ns
M1vsM2_24m,tertiles,Relative Disturbance,GPPsat,Low+Mid,75,-0.85141,69.3,0.0001152,0.001728,**
M1vsM2_24m,tertiles,Relative Disturbance,NEPmax,Low+Mid,75,-0.8968,65.3,0.001106,0.005455,**
M1vsM2_24m,tertiles,Relative Disturbance,WUE,Low+Mid,75,-0.06326,61.3,0.03693,0.07914,ns
M1vsM2_24m,tertiles,Relative Disturbance,uWUE,Low+Mid,75,-0.02657,58.7,0.1179,0.1369,ns
M1vsM2_24m,equal_width,Absolute Mortality,ETmax,Low+Mid,106,-0.00122,56.6,0.03696,0.1039,ns
M1vsM2_24m,equal_width,Absolute Mortality,GPPsat,Low+Mid,106,-0.91203,70.8,1.083e-06,3.249e-05,***
M1vsM2_24m,equal_width,Absolute Mortality,NEPmax,Low+Mid,106,-0.96493,65.1,3.388e-05,0.0002541,***
M1vsM2_24m,equal_width,Absolute Mortality,WUE,Low+Mid,106,-0.06182,58.5,0.01818,0.0778,ns
M1vsM2_24m,equal_width,Absolute Mortality,uWUE,Low+Mid,106,-0.02529,56.6,0.05295,0.1107,ns
M1vsM2_24m,equal_width,Absolute Mortality,ETmax,High,6,-0.00021,66.7,0.5,0.5357,ns
M1vsM2_24m,equal_width,Absolute Mortality,GPPsat,High,6,0.23023,33.3,0.6625,0.6625,ns
M1vsM2_24m,equal_width,Absolute Mortality,NEPmax,High,6,-0.40935,50,0.2647,0.312,ns
M1vsM2_24m,equal_width,Absolute Mortality,WUE,High,6,0.01894,50,0.6625,0.6625,ns
M1vsM2_24m,equal_width,Absolute Mortality,uWUE,High,6,-0.03437,50,0.417,0.4633,ns
M1vsM2_24m,equal_width,Relative Mortality,ETmax,Low+Mid,104,-0.00072,56.7,0.05921,0.1107,ns
M1vsM2_24m,equal_width,Relative Mortality,GPPsat,Low+Mid,104,-0.82588,69.2,4.973e-06,7.46e-05,***
M1vsM2_24m,equal_width,Relative Mortality,NEPmax,Low+Mid,104,-0.95516,64.4,4.507e-05,0.0002704,***
M1vsM2_24m,equal_width,Relative Mortality,WUE,Low+Mid,104,-0.05853,57.7,0.06273,0.1107,ns
M1vsM2_24m,equal_width,Relative Mortality,uWUE,Low+Mid,104,-0.02367,55.8,0.1086,0.1552,ns
M1vsM2_24m,equal_width,Relative Mortality,ETmax,High,8,-0.00253,62.5,0.2643,0.312,ns
M1vsM2_24m,equal_width,Relative Mortality,GPPsat,High,8,-1.43907,62.5,0.09172,0.1413,ns
M1vsM2_24m,equal_width,Relative Mortality,NEPmax,High,8,-0.77742,62.5,0.1468,0.2002,ns
M1vsM2_24m,equal_width,Relative Mortality,WUE,High,8,-0.281,62.5,0.05366,0.1107,ns
M1vsM2_24m,equal_width,Relative Mortality,uWUE,High,8,-0.23841,62.5,0.07074,0.1179,ns
M1vsM2_24m,equal_width,Relative Disturbance,ETmax,Low+Mid,102,-0.00072,56.9,0.05717,0.1107,ns
M1vsM2_24m,equal_width,Relative Disturbance,GPPsat,Low+Mid,102,-0.79057,68.6,1.055e-05,0.0001055,***
M1vsM2_24m,equal_width,Relative Disturbance,NEPmax,Low+Mid,102,-0.89807,63.7,0.0001014,0.0005072,***
M1vsM2_24m,equal_width,Relative Disturbance,WUE,Low+Mid,102,-0.05543,56.9,0.09421,0.1413,ns
M1vsM2_24m,equal_width,Relative Disturbance,uWUE,Low+Mid,102,-0.02121,54.9,0.1699,0.2216,ns
M1vsM2_24m,equal_width,Relative Disturbance,ETmax,High,10,-0.00223,60,0.2704,0.312,ns
M1vsM2_24m,equal_width,Relative Disturbance,GPPsat,High,10,-1.84011,70,0.04157,0.1039,ns
M1vsM2_24m,equal_width,Relative Disturbance,NEPmax,High,10,-1.22935,70,0.04157,0.1039,ns
M1vsM2_24m,equal_width,Relative Disturbance,WUE,High,10,-0.281,70,0.02075,0.0778,ns
M1vsM2_24m,equal_width,Relative Disturbance,uWUE,High,10,-0.31607,70,0.02639,0.08798,ns
M1vsM2_24m,natural_breaks,Absolute Mortality,ETmax,High,29,-0.00125,62.1,0.09358,0.1276,ns
M1vsM2_24m,natural_breaks,Absolute Mortality,GPPsat,High,29,-0.46465,58.6,0.02582,0.05533,ns
M1vsM2_24m,natural_breaks,Absolute Mortality,NEPmax,High,29,-1.07849,58.6,0.005362,0.01909,*
M1vsM2_24m,natural_breaks,Absolute Mortality,WUE,High,29,-0.08418,55.2,0.1351,0.1621,ns
M1vsM2_24m,natural_breaks,Absolute Mortality,uWUE,High,29,0.00323,48.3,0.3327,0.3327,ns
M1vsM2_24m,natural_breaks,Absolute Mortality,ETmax,Low+Mid,83,-0.00074,55.4,0.1006,0.1312,ns
M1vsM2_24m,natural_breaks,Absolute Mortality,GPPsat,Low+Mid,83,-0.88152,72.3,1.15e-05,0.0003449,***
M1vsM2_24m,natural_breaks,Absolute Mortality,NEPmax,Low+Mid,83,-0.8968,66.3,0.0006692,0.003415,**
M1vsM2_24m,natural_breaks,Absolute Mortality,WUE,Low+Mid,83,-0.05987,59,0.03926,0.07074,ns
M1vsM2_24m,natural_breaks,Absolute Mortality,uWUE,Low+Mid,83,-0.02906,59,0.04245,0.07074,ns
M1vsM2_24m,natural_breaks,Relative Mortality,ETmax,Low+Mid,86,-0.00122,58.1,0.04739,0.07108,ns
M1vsM2_24m,natural_breaks,Relative Mortality,GPPsat,Low+Mid,86,-0.86647,69.8,3.657e-05,0.0004712,***
M1vsM2_24m,natural_breaks,Relative Mortality,NEPmax,Low+Mid,86,-0.89807,65.1,0.0004167,0.003125,**
M1vsM2_24m,natural_breaks,Relative Mortality,WUE,Low+Mid,86,-0.05677,57,0.1242,0.1553,ns
M1vsM2_24m,natural_breaks,Relative Mortality,uWUE,Low+Mid,86,-0.01795,54.7,0.2776,0.3085,ns
M1vsM2_24m,natural_breaks,Relative Mortality,ETmax,High,26,-0.00021,53.8,0.2882,0.3087,ns
M1vsM2_24m,natural_breaks,Relative Mortality,GPPsat,High,26,-0.85871,65.4,0.00738,0.02214,*
M1vsM2_24m,natural_breaks,Relative Mortality,NEPmax,High,26,-1.04068,61.5,0.00973,0.02654,*
M1vsM2_24m,natural_breaks,Relative Mortality,WUE,High,26,-0.12151,61.5,0.01751,0.04042,*
M1vsM2_24m,natural_breaks,Relative Mortality,uWUE,High,26,-0.10651,61.5,0.01447,0.03618,*
M1vsM2_24m,natural_breaks,Relative Disturbance,ETmax,Low+Mid,88,-0.00122,59.1,0.04578,0.07108,ns
M1vsM2_24m,natural_breaks,Relative Disturbance,GPPsat,Low+Mid,88,-0.82588,69.3,4.712e-05,0.0004712,***
M1vsM2_24m,natural_breaks,Relative Disturbance,NEPmax,Low+Mid,88,-0.8499,63.6,0.0006829,0.003415,**
M1vsM2_24m,natural_breaks,Relative Disturbance,WUE,Low+Mid,88,-0.06012,58,0.0795,0.1136,ns
M1vsM2_24m,natural_breaks,Relative Disturbance,uWUE,Low+Mid,88,-0.02154,55.7,0.1667,0.1923,ns
M1vsM2_24m,natural_breaks,Relative Disturbance,ETmax,High,24,2e-05,50,0.3289,0.3327,ns
M1vsM2_24m,natural_breaks,Relative Disturbance,GPPsat,High,24,-0.94335,66.7,0.005726,0.01909,*
M1vsM2_24m,natural_breaks,Relative Disturbance,NEPmax,High,24,-1.20739,66.7,0.003776,0.01618,*
M1vsM2_24m,natural_breaks,Relative Disturbance,WUE,High,24,-0.0793,58.3,0.03707,0.07074,ns
M1vsM2_24m,natural_breaks,Relative Disturbance,uWUE,High,24,-0.09051,58.3,0.04194,0.07074,ns
M3vsM4_12m,tertiles,Absolute Mortality,ETmax,High,37,0.00087,40.5,0.8439,0.8439,ns
M3vsM4_12m,tertiles,Absolute Mortality,GPPsat,High,37,-0.9068,73,0.00134,0.005744,**
M3vsM4_12m,tertiles,Absolute Mortality,NEPmax,High,37,-0.67627,67.6,0.006678,0.02003,*
M3vsM4_12m,tertiles,Absolute Mortality,WUE,High,37,-0.02948,56.8,0.4164,0.4804,ns
M3vsM4_12m,tertiles,Absolute Mortality,uWUE,High,37,0.02716,45.9,0.6012,0.668,ns
M3vsM4_12m,tertiles,Absolute Mortality,ETmax,Low+Mid,75,0.00028,48,0.1598,0.2523,ns
M3vsM4_12m,tertiles,Absolute Mortality,GPPsat,Low+Mid,75,-0.5954,65.3,0.0004694,0.00253,**
M3vsM4_12m,tertiles,Absolute Mortality,NEPmax,Low+Mid,75,-0.77732,68,0.000506,0.00253,**
M3vsM4_12m,tertiles,Absolute Mortality,WUE,Low+Mid,75,-0.04072,60,0.06251,0.125,ns
M3vsM4_12m,tertiles,Absolute Mortality,uWUE,Low+Mid,75,-0.01252,56,0.02882,0.06652,ns
M3vsM4_12m,tertiles,Relative Mortality,ETmax,High,37,2e-05,48.6,0.788,0.8152,ns
M3vsM4_12m,tertiles,Relative Mortality,GPPsat,High,37,-0.58991,73,0.001713,0.006423,**
M3vsM4_12m,tertiles,Relative Mortality,NEPmax,High,37,-0.62148,64.9,0.01182,0.03224,*
M3vsM4_12m,tertiles,Relative Mortality,WUE,High,37,-0.02948,54.1,0.3586,0.4483,ns
M3vsM4_12m,tertiles,Relative Mortality,uWUE,High,37,0.02716,48.6,0.3254,0.4245,ns
M3vsM4_12m,tertiles,Relative Mortality,ETmax,Low+Mid,75,0.00066,44,0.218,0.3137,ns
M3vsM4_12m,tertiles,Relative Mortality,GPPsat,Low+Mid,75,-0.83523,65.3,0.0002484,0.002015,**
M3vsM4_12m,tertiles,Relative Mortality,NEPmax,Low+Mid,75,-0.75109,69.3,0.0002687,0.002015,**
M3vsM4_12m,tertiles,Relative Mortality,WUE,Low+Mid,75,-0.04072,61.3,0.06788,0.1273,ns
M3vsM4_12m,tertiles,Relative Mortality,uWUE,Low+Mid,75,-0.0117,54.7,0.07812,0.1341,ns
M3vsM4_12m,tertiles,Relative Disturbance,ETmax,High,37,5e-05,45.9,0.788,0.8152,ns
M3vsM4_12m,tertiles,Relative Disturbance,GPPsat,High,37,-0.59536,70.3,0.003462,0.01154,*
M3vsM4_12m,tertiles,Relative Disturbance,NEPmax,High,37,-0.62148,64.9,0.01609,0.04022,*
M3vsM4_12m,tertiles,Relative Disturbance,WUE,High,37,-0.01756,51.4,0.4105,0.4804,ns
M3vsM4_12m,tertiles,Relative Disturbance,uWUE,High,37,-0.00244,51.4,0.2935,0.4003,ns
M3vsM4_12m,tertiles,Relative Disturbance,ETmax,Low+Mid,75,0.00066,45.3,0.2196,0.3137,ns
M3vsM4_12m,tertiles,Relative Disturbance,GPPsat,Low+Mid,75,-0.79625,66.7,0.0001567,0.002015,**
M3vsM4_12m,tertiles,Relative Disturbance,NEPmax,Low+Mid,75,-0.75109,69.3,0.0001842,0.002015,**
M3vsM4_12m,tertiles,Relative Disturbance,WUE,Low+Mid,75,-0.05048,62.7,0.04282,0.09176,ns
M3vsM4_12m,tertiles,Relative Disturbance,uWUE,Low+Mid,75,-0.0117,53.3,0.08046,0.1341,ns
M3vsM4_12m,equal_width,Absolute Mortality,ETmax,Low+Mid,106,0.00034,48.1,0.2314,0.3653,ns
M3vsM4_12m,equal_width,Absolute Mortality,GPPsat,Low+Mid,106,-0.61812,67,3.767e-05,0.000226,***
M3vsM4_12m,equal_width,Absolute Mortality,NEPmax,Low+Mid,106,-0.60724,66,0.0001673,0.0008367,***
M3vsM4_12m,equal_width,Absolute Mortality,WUE,Low+Mid,106,-0.0456,60.4,0.05363,0.1788,ns
M3vsM4_12m,equal_width,Absolute Mortality,uWUE,Low+Mid,106,-0.01211,53.8,0.0624,0.1872,ns
M3vsM4_12m,equal_width,Absolute Mortality,ETmax,High,6,0.00685,0,0.9895,0.9895,ns
M3vsM4_12m,equal_width,Absolute Mortality,GPPsat,High,6,-2.56352,83.3,0.02959,0.1109,ns
M3vsM4_12m,equal_width,Absolute Mortality,NEPmax,High,6,-2.3429,100,0.01802,0.07721,ns
M3vsM4_12m,equal_width,Absolute Mortality,WUE,High,6,0.10392,33.3,0.7353,0.8484,ns
M3vsM4_12m,equal_width,Absolute Mortality,uWUE,High,6,0.04545,33.3,0.7992,0.8771,ns
M3vsM4_12m,equal_width,Relative Mortality,ETmax,Low+Mid,104,0.00045,46.2,0.3302,0.4503,ns
M3vsM4_12m,equal_width,Relative Mortality,GPPsat,Low+Mid,104,-0.86684,69.2,2.18e-06,4.714e-05,***
M3vsM4_12m,equal_width,Relative Mortality,NEPmax,Low+Mid,104,-0.76421,69.2,1.554e-05,0.0001554,***
M3vsM4_12m,equal_width,Relative Mortality,WUE,Low+Mid,104,-0.0302,57.7,0.1173,0.2514,ns
M3vsM4_12m,equal_width,Relative Mortality,uWUE,Low+Mid,104,-0.00584,51.9,0.1111,0.2514,ns
M3vsM4_12m,equal_width,Relative Mortality,ETmax,High,8,0.00315,37.5,0.8186,0.8771,ns
M3vsM4_12m,equal_width,Relative Mortality,GPPsat,High,8,0.13677,50,0.5832,0.6998,ns
M3vsM4_12m,equal_width,Relative Mortality,NEPmax,High,8,0.168,50,0.3631,0.4737,ns
M3vsM4_12m,equal_width,Relative Mortality,WUE,High,8,-0.11099,75,0.1814,0.3023,ns
M3vsM4_12m,equal_width,Relative Mortality,uWUE,High,8,-0.09592,62.5,0.2643,0.393,ns
M3vsM4_12m,equal_width,Relative Disturbance,ETmax,Low+Mid,102,0.00034,47.1,0.2751,0.393,ns
M3vsM4_12m,equal_width,Relative Disturbance,GPPsat,Low+Mid,102,-0.86684,69.6,3.143e-06,4.714e-05,***
M3vsM4_12m,equal_width,Relative Disturbance,NEPmax,Low+Mid,102,-0.76421,68.6,2.682e-05,0.0002011,***
M3vsM4_12m,equal_width,Relative Disturbance,WUE,Low+Mid,102,-0.02777,56.9,0.1624,0.3023,ns
M3vsM4_12m,equal_width,Relative Disturbance,uWUE,Low+Mid,102,-0.00174,51,0.1682,0.3023,ns
M3vsM4_12m,equal_width,Relative Disturbance,ETmax,High,10,0.00332,30,0.8894,0.92,ns
M3vsM4_12m,equal_width,Relative Disturbance,GPPsat,High,10,-0.01671,50,0.4192,0.524,ns
M3vsM4_12m,equal_width,Relative Disturbance,NEPmax,High,10,-0.28671,60,0.1795,0.3023,ns
M3vsM4_12m,equal_width,Relative Disturbance,WUE,High,10,-0.16693,80,0.1106,0.2514,ns
M3vsM4_12m,equal_width,Relative Disturbance,uWUE,High,10,-0.18746,70,0.1106,0.2514,ns
M3vsM4_12m,natural_breaks,Absolute Mortality,ETmax,High,29,0.00165,44.8,0.8181,0.8765,ns
M3vsM4_12m,natural_breaks,Absolute Mortality,GPPsat,High,29,-1.04195,75.9,0.002308,0.009893,**
M3vsM4_12m,natural_breaks,Absolute Mortality,NEPmax,High,29,-0.75109,69,0.01371,0.03738,*
M3vsM4_12m,natural_breaks,Absolute Mortality,WUE,High,29,0.04937,48.3,0.6107,0.7046,ns
M3vsM4_12m,natural_breaks,Absolute Mortality,uWUE,High,29,0.04198,44.8,0.6829,0.7587,ns
M3vsM4_12m,natural_breaks,Absolute Mortality,ETmax,Low+Mid,83,5e-04,45.8,0.2235,0.2794,ns
M3vsM4_12m,natural_breaks,Absolute Mortality,GPPsat,Low+Mid,83,-0.61738,65.1,0.0002507,0.001637,**
M3vsM4_12m,natural_breaks,Absolute Mortality,NEPmax,Low+Mid,83,-0.69785,67.5,0.0002728,0.001637,**
M3vsM4_12m,natural_breaks,Absolute Mortality,WUE,Low+Mid,83,-0.05048,62.7,0.03055,0.06681,ns
M3vsM4_12m,natural_breaks,Absolute Mortality,uWUE,Low+Mid,83,-0.01252,55.4,0.03118,0.06681,ns
M3vsM4_12m,natural_breaks,Relative Mortality,ETmax,Low+Mid,86,-0.00011,50,0.102,0.18,ns
M3vsM4_12m,natural_breaks,Relative Mortality,GPPsat,Low+Mid,86,-0.86684,67.4,9.449e-05,0.001417,**
M3vsM4_12m,natural_breaks,Relative Mortality,NEPmax,Low+Mid,86,-0.68706,66.3,0.0005749,0.002875,**
M3vsM4_12m,natural_breaks,Relative Mortality,WUE,Low+Mid,86,-0.0302,59.3,0.09238,0.18,ns
M3vsM4_12m,natural_breaks,Relative Mortality,uWUE,Low+Mid,86,-0.00584,52.3,0.1324,0.2206,ns
M3vsM4_12m,natural_breaks,Relative Mortality,ETmax,High,26,0.00315,30.8,0.9716,0.9716,ns
M3vsM4_12m,natural_breaks,Relative Mortality,GPPsat,High,26,-0.50784,69.2,0.005962,0.01987,*
M3vsM4_12m,natural_breaks,Relative Mortality,NEPmax,High,26,-1.2348,73.1,0.003288,0.01233,*
M3vsM4_12m,natural_breaks,Relative Mortality,WUE,High,26,-0.06224,57.7,0.3057,0.3669,ns
M3vsM4_12m,natural_breaks,Relative Mortality,uWUE,High,26,-0.02447,53.8,0.187,0.2439,ns
M3vsM4_12m,natural_breaks,Relative Disturbance,ETmax,Low+Mid,88,0.00034,46.6,0.1762,0.2408,ns
M3vsM4_12m,natural_breaks,Relative Disturbance,GPPsat,Low+Mid,88,-0.86684,68.2,4.104e-05,0.001231,**
M3vsM4_12m,natural_breaks,Relative Disturbance,NEPmax,Low+Mid,88,-0.72447,68.2,0.0002581,0.001637,**
M3vsM4_12m,natural_breaks,Relative Disturbance,WUE,Low+Mid,88,-0.02849,58,0.1496,0.2362,ns
M3vsM4_12m,natural_breaks,Relative Disturbance,uWUE,Low+Mid,88,-0.00584,52.3,0.1751,0.2408,ns
M3vsM4_12m,natural_breaks,Relative Disturbance,ETmax,High,24,0.00193,41.7,0.9255,0.9574,ns
M3vsM4_12m,natural_breaks,Relative Disturbance,GPPsat,High,24,-0.31106,66.7,0.01786,0.04466,*
M3vsM4_12m,natural_breaks,Relative Disturbance,NEPmax,High,24,-0.88115,66.7,0.0134,0.03738,*
M3vsM4_12m,natural_breaks,Relative Disturbance,WUE,High,24,-0.08458,62.5,0.1766,0.2408,ns
M3vsM4_12m,natural_breaks,Relative Disturbance,uWUE,High,24,-0.0258,54.2,0.1018,0.18,ns
M3vsM4_24m,tertiles,Absolute Mortality,ETmax,High,37,-0.00146,54.1,0.482,0.4986,ns
M3vsM4_24m,tertiles,Absolute Mortality,GPPsat,High,37,-0.65595,64.9,0.006965,0.02322,*
M3vsM4_24m,tertiles,Absolute Mortality,NEPmax,High,37,-0.41378,59.5,0.01008,0.0275,*
M3vsM4_24m,tertiles,Absolute Mortality,WUE,High,37,-0.03032,51.4,0.3364,0.4205,ns
M3vsM4_24m,tertiles,Absolute Mortality,uWUE,High,37,0.01042,45.9,0.5659,0.5659,ns
M3vsM4_24m,tertiles,Absolute Mortality,ETmax,Low+Mid,75,-0.00134,58.7,0.04478,0.09921,ns
M3vsM4_24m,tertiles,Absolute Mortality,GPPsat,Low+Mid,75,-0.63622,66.7,0.0006443,0.004832,**
M3vsM4_24m,tertiles,Absolute Mortality,NEPmax,Low+Mid,75,-0.76441,68,0.0005556,0.004832,**
M3vsM4_24m,tertiles,Absolute Mortality,WUE,Low+Mid,75,-0.02456,57.3,0.0736,0.1299,ns
M3vsM4_24m,tertiles,Absolute Mortality,uWUE,Low+Mid,75,-0.02012,54.7,0.0463,0.09921,ns
M3vsM4_24m,tertiles,Relative Mortality,ETmax,High,37,-0.00046,51.4,0.3643,0.4372,ns
M3vsM4_24m,tertiles,Relative Mortality,GPPsat,High,37,-0.62948,67.6,0.002883,0.01236,*
M3vsM4_24m,tertiles,Relative Mortality,NEPmax,High,37,-0.49422,64.9,0.009684,0.0275,*
M3vsM4_24m,tertiles,Relative Mortality,WUE,High,37,0.02136,48.6,0.2391,0.3261,ns
M3vsM4_24m,tertiles,Relative Mortality,uWUE,High,37,0.02535,43.2,0.482,0.4986,ns
M3vsM4_24m,tertiles,Relative Mortality,ETmax,Low+Mid,75,-0.00151,60,0.08779,0.1317,ns
M3vsM4_24m,tertiles,Relative Mortality,GPPsat,Low+Mid,75,-0.71478,65.3,0.001166,0.005832,**
M3vsM4_24m,tertiles,Relative Mortality,NEPmax,Low+Mid,75,-0.74223,65.3,0.0005156,0.004832,**
M3vsM4_24m,tertiles,Relative Mortality,WUE,Low+Mid,75,-0.02888,58.7,0.1148,0.164,ns
M3vsM4_24m,tertiles,Relative Mortality,uWUE,Low+Mid,75,-0.02012,56,0.06382,0.1234,ns
M3vsM4_24m,tertiles,Relative Disturbance,ETmax,High,37,-0.00146,54.1,0.4282,0.4757,ns
M3vsM4_24m,tertiles,Relative Disturbance,GPPsat,High,37,-0.65595,64.9,0.004144,0.01554,*
M3vsM4_24m,tertiles,Relative Disturbance,NEPmax,High,37,-0.49422,59.5,0.01938,0.04844,*
M3vsM4_24m,tertiles,Relative Disturbance,WUE,High,37,0.03452,45.9,0.2534,0.3305,ns
M3vsM4_24m,tertiles,Relative Disturbance,uWUE,High,37,0.02535,43.2,0.3988,0.4601,ns
M3vsM4_24m,tertiles,Relative Disturbance,ETmax,Low+Mid,75,-0.00134,58.7,0.06583,0.1234,ns
M3vsM4_24m,tertiles,Relative Disturbance,GPPsat,Low+Mid,75,-0.63622,66.7,0.000943,0.005658,**
M3vsM4_24m,tertiles,Relative Disturbance,NEPmax,Low+Mid,75,-0.74223,68,0.0002484,0.004832,**
M3vsM4_24m,tertiles,Relative Disturbance,WUE,Low+Mid,75,-0.02888,60,0.08366,0.1317,ns
M3vsM4_24m,tertiles,Relative Disturbance,uWUE,Low+Mid,75,-0.02012,56,0.0853,0.1317,ns
M3vsM4_24m,equal_width,Absolute Mortality,ETmax,Low+Mid,106,-0.00148,58.5,0.03424,0.09631,ns
M3vsM4_24m,equal_width,Absolute Mortality,GPPsat,Low+Mid,106,-0.61489,65.1,0.0001429,0.0008575,***
M3vsM4_24m,equal_width,Absolute Mortality,NEPmax,Low+Mid,106,-0.47053,63.2,0.0002423,0.001211,**
M3vsM4_24m,equal_width,Absolute Mortality,WUE,Low+Mid,106,-0.02874,56.6,0.06677,0.1541,ns
M3vsM4_24m,equal_width,Absolute Mortality,uWUE,Low+Mid,106,-0.01572,53.8,0.07399,0.1585,ns
M3vsM4_24m,equal_width,Absolute Mortality,ETmax,High,6,0.00494,33.3,0.9533,0.9533,ns
M3vsM4_24m,equal_width,Absolute Mortality,GPPsat,High,6,-2.45836,83.3,0.02959,0.09631,ns
M3vsM4_24m,equal_width,Absolute Mortality,NEPmax,High,6,-2.2997,100,0.01802,0.07721,ns
M3vsM4_24m,equal_width,Absolute Mortality,WUE,High,6,0.05,33.3,0.6625,0.795,ns
M3vsM4_24m,equal_width,Absolute Mortality,uWUE,High,6,0.04687,16.7,0.8527,0.9141,ns
M3vsM4_24m,equal_width,Relative Mortality,ETmax,Low+Mid,104,-0.00148,58.7,0.03531,0.09631,ns
M3vsM4_24m,equal_width,Relative Mortality,GPPsat,Low+Mid,104,-0.7257,69.2,8.99e-06,0.0001705,***
M3vsM4_24m,equal_width,Relative Mortality,NEPmax,Low+Mid,104,-0.75332,67.3,2.576e-05,0.0002576,***
M3vsM4_24m,equal_width,Relative Mortality,WUE,Low+Mid,104,-0.02344,54.8,0.1292,0.2447,ns
M3vsM4_24m,equal_width,Relative Mortality,uWUE,Low+Mid,104,-0.00536,51.9,0.1419,0.2447,ns
M3vsM4_24m,equal_width,Relative Mortality,ETmax,High,8,0.00358,37.5,0.8532,0.9141,ns
M3vsM4_24m,equal_width,Relative Mortality,GPPsat,High,8,0.4293,25,0.7357,0.8489,ns
M3vsM4_24m,equal_width,Relative Mortality,NEPmax,High,8,0.08335,37.5,0.5279,0.6886,ns
M3vsM4_24m,equal_width,Relative Mortality,WUE,High,8,-0.15498,62.5,0.1468,0.2447,ns
M3vsM4_24m,equal_width,Relative Mortality,uWUE,High,8,-0.11366,50,0.312,0.4255,ns
M3vsM4_24m,equal_width,Relative Disturbance,ETmax,Low+Mid,102,-0.00151,59.8,0.02295,0.08608,ns
M3vsM4_24m,equal_width,Relative Disturbance,GPPsat,Low+Mid,102,-0.7257,69.6,1.137e-05,0.0001705,***
M3vsM4_24m,equal_width,Relative Disturbance,NEPmax,Low+Mid,102,-0.75332,66.7,4.507e-05,0.0003381,***
M3vsM4_24m,equal_width,Relative Disturbance,WUE,Low+Mid,102,-0.02143,53.9,0.1767,0.279,ns
M3vsM4_24m,equal_width,Relative Disturbance,uWUE,Low+Mid,102,-0.0026,51,0.2154,0.3231,ns
M3vsM4_24m,equal_width,Relative Disturbance,ETmax,High,10,0.00348,30,0.8894,0.92,ns
M3vsM4_24m,equal_width,Relative Disturbance,GPPsat,High,10,0.30591,30,0.6201,0.7751,ns
M3vsM4_24m,equal_width,Relative Disturbance,NEPmax,High,10,-0.14154,50,0.2704,0.3863,ns
M3vsM4_24m,equal_width,Relative Disturbance,WUE,High,10,-0.19671,70,0.06314,0.1541,ns
M3vsM4_24m,equal_width,Relative Disturbance,uWUE,High,10,-0.24414,60,0.1311,0.2447,ns
M3vsM4_24m,natural_breaks,Absolute Mortality,ETmax,High,29,-0.00146,51.7,0.713,0.7555,ns
M3vsM4_24m,natural_breaks,Absolute Mortality,GPPsat,High,29,-0.84709,72.4,0.004733,0.01775,*
M3vsM4_24m,natural_breaks,Absolute Mortality,NEPmax,High,29,-0.44685,58.6,0.02333,0.06347,ns
M3vsM4_24m,natural_breaks,Absolute Mortality,WUE,High,29,0.03452,44.8,0.457,0.5273,ns
M3vsM4_24m,natural_breaks,Absolute Mortality,uWUE,High,29,0.03587,37.9,0.7555,0.7555,ns
M3vsM4_24m,natural_breaks,Absolute Mortality,ETmax,Low+Mid,83,-0.00134,59,0.02962,0.06347,ns
M3vsM4_24m,natural_breaks,Absolute Mortality,GPPsat,Low+Mid,83,-0.62948,63.9,0.0007355,0.004413,**
M3vsM4_24m,natural_breaks,Absolute Mortality,NEPmax,Low+Mid,83,-0.74223,67.5,0.0002303,0.003454,**
M3vsM4_24m,natural_breaks,Absolute Mortality,WUE,Low+Mid,83,-0.02888,59,0.05476,0.09663,ns
M3vsM4_24m,natural_breaks,Absolute Mortality,uWUE,Low+Mid,83,-0.03629,56.6,0.03416,0.06832,ns
M3vsM4_24m,natural_breaks,Relative Mortality,ETmax,Low+Mid,86,-0.00142,58.1,0.05272,0.09663,ns
M3vsM4_24m,natural_breaks,Relative Mortality,GPPsat,Low+Mid,86,-0.6755,67.4,0.0003679,0.003551,**
M3vsM4_24m,natural_breaks,Relative Mortality,NEPmax,Low+Mid,86,-0.63906,64,0.0009526,0.004763,**
M3vsM4_24m,natural_breaks,Relative Mortality,WUE,Low+Mid,86,-0.02344,55.8,0.162,0.221,ns
M3vsM4_24m,natural_breaks,Relative Mortality,uWUE,Low+Mid,86,-0.00969,53.5,0.1507,0.2153,ns
M3vsM4_24m,natural_breaks,Relative Mortality,ETmax,High,26,-0.00096,53.8,0.5405,0.6005,ns
M3vsM4_24m,natural_breaks,Relative Mortality,GPPsat,High,26,-0.64271,61.5,0.01271,0.03812,*
M3vsM4_24m,natural_breaks,Relative Mortality,NEPmax,High,26,-0.98973,69.2,0.002605,0.01116,*
M3vsM4_24m,natural_breaks,Relative Mortality,WUE,High,26,-0.0698,53.8,0.1319,0.1978,ns
M3vsM4_24m,natural_breaks,Relative Mortality,uWUE,High,26,0.00669,46.2,0.2545,0.3054,ns
M3vsM4_24m,natural_breaks,Relative Disturbance,ETmax,Low+Mid,88,-0.00155,60.2,0.02638,0.06347,ns
M3vsM4_24m,natural_breaks,Relative Disturbance,GPPsat,Low+Mid,88,-0.6755,68.2,0.0001743,0.003454,**
M3vsM4_24m,natural_breaks,Relative Disturbance,NEPmax,Low+Mid,88,-0.70067,65.9,0.0004735,0.003551,**
M3vsM4_24m,natural_breaks,Relative Disturbance,WUE,Low+Mid,88,-0.02344,55.7,0.1986,0.259,ns
M3vsM4_24m,natural_breaks,Relative Disturbance,uWUE,Low+Mid,88,-0.0026,51.1,0.214,0.2675,ns
M3vsM4_24m,natural_breaks,Relative Disturbance,ETmax,High,24,0.00054,45.8,0.7398,0.7555,ns
M3vsM4_24m,natural_breaks,Relative Disturbance,GPPsat,High,24,-0.64271,58.3,0.02872,0.06347,ns
M3vsM4_24m,natural_breaks,Relative Disturbance,NEPmax,High,24,-0.71249,62.5,0.009941,0.03314,*
M3vsM4_24m,natural_breaks,Relative Disturbance,WUE,High,24,-0.0698,54.2,0.08737,0.1456,ns
M3vsM4_24m,natural_breaks,Relative Disturbance,uWUE,High,24,-0.03228,54.2,0.1295,0.1978,ns
M5vsM6_raw_12m,tertiles,Absolute Mortality,ETmax,High,37,-0.00141,67.6,0.0167,0.167,ns
M5vsM6_raw_12m,tertiles,Absolute Mortality,GPPsat,High,37,0.18783,37.8,0.9776,0.9776,ns
M5vsM6_raw_12m,tertiles,Absolute Mortality,NEPmax,High,37,0.09492,43.2,0.4105,0.7244,ns
M5vsM6_raw_12m,tertiles,Absolute Mortality,WUE,High,37,-0.00717,54.1,0.304,0.6289,ns
M5vsM6_raw_12m,tertiles,Absolute Mortality,uWUE,High,37,-0.0156,64.9,0.09216,0.3176,ns
M5vsM6_raw_12m,tertiles,Absolute Mortality,ETmax,Low+Mid,75,-0.00043,54.7,0.2134,0.4924,ns
M5vsM6_raw_12m,tertiles,Absolute Mortality,GPPsat,Low+Mid,75,-0.1839,60,0.07889,0.3176,ns
M5vsM6_raw_12m,tertiles,Absolute Mortality,NEPmax,Low+Mid,75,-0.19035,57.3,0.03404,0.2553,ns
M5vsM6_raw_12m,tertiles,Absolute Mortality,WUE,Low+Mid,75,0.00811,42.7,0.9147,0.9776,ns
M5vsM6_raw_12m,tertiles,Absolute Mortality,uWUE,Low+Mid,75,-0.00133,50.7,0.722,0.9332,ns
M5vsM6_raw_12m,tertiles,Relative Mortality,ETmax,High,37,-0.00087,62.2,0.1634,0.4426,ns
M5vsM6_raw_12m,tertiles,Relative Mortality,GPPsat,High,37,0.24304,40.5,0.9625,0.9776,ns
M5vsM6_raw_12m,tertiles,Relative Mortality,NEPmax,High,37,0.19475,43.2,0.7466,0.9332,ns
M5vsM6_raw_12m,tertiles,Relative Mortality,WUE,High,37,0.00631,43.2,0.8545,0.9776,ns
M5vsM6_raw_12m,tertiles,Relative Mortality,uWUE,High,37,0.00651,45.9,0.5,0.8333,ns
M5vsM6_raw_12m,tertiles,Relative Mortality,ETmax,Low+Mid,75,-0.00068,57.3,0.05996,0.3176,ns
M5vsM6_raw_12m,tertiles,Relative Mortality,GPPsat,Low+Mid,75,-0.12476,58.7,0.1059,0.3176,ns
M5vsM6_raw_12m,tertiles,Relative Mortality,NEPmax,Low+Mid,75,-0.2029,57.3,0.01166,0.167,ns
M5vsM6_raw_12m,tertiles,Relative Mortality,WUE,Low+Mid,75,0.00736,48,0.6273,0.8962,ns
M5vsM6_raw_12m,tertiles,Relative Mortality,uWUE,Low+Mid,75,-0.00823,60,0.3354,0.6289,ns
M5vsM6_raw_12m,tertiles,Relative Disturbance,ETmax,High,37,-0.00087,64.9,0.1025,0.3176,ns
M5vsM6_raw_12m,tertiles,Relative Disturbance,GPPsat,High,37,0.18783,45.9,0.9053,0.9776,ns
M5vsM6_raw_12m,tertiles,Relative Disturbance,NEPmax,High,37,0.22756,43.2,0.7013,0.9332,ns
M5vsM6_raw_12m,tertiles,Relative Disturbance,WUE,High,37,0.02791,40.5,0.8711,0.9776,ns
M5vsM6_raw_12m,tertiles,Relative Disturbance,uWUE,High,37,0.00473,45.9,0.56,0.8646,ns
M5vsM6_raw_12m,tertiles,Relative Disturbance,ETmax,Low+Mid,75,-0.00068,56,0.07889,0.3176,ns
M5vsM6_raw_12m,tertiles,Relative Disturbance,GPPsat,Low+Mid,75,-0.10933,56,0.177,0.4426,ns
M5vsM6_raw_12m,tertiles,Relative Disturbance,NEPmax,Low+Mid,75,-0.2029,57.3,0.01001,0.167,ns
M5vsM6_raw_12m,tertiles,Relative Disturbance,WUE,Low+Mid,75,0.00687,49.3,0.5764,0.8646,ns
M5vsM6_raw_12m,tertiles,Relative Disturbance,uWUE,Low+Mid,75,-0.00836,60,0.3145,0.6289,ns
M5vsM6_raw_12m,equal_width,Absolute Mortality,ETmax,Low+Mid,106,-0.00066,57.5,0.05061,0.3037,ns
M5vsM6_raw_12m,equal_width,Absolute Mortality,GPPsat,Low+Mid,106,-0.06949,53.8,0.3859,0.7718,ns
M5vsM6_raw_12m,equal_width,Absolute Mortality,NEPmax,Low+Mid,106,-0.11164,51.9,0.08084,0.3439,ns
M5vsM6_raw_12m,equal_width,Absolute Mortality,WUE,Low+Mid,106,0.00711,46.2,0.7658,0.985,ns
M5vsM6_raw_12m,equal_width,Absolute Mortality,uWUE,Low+Mid,106,-0.00696,55.7,0.3284,0.7323,ns
M5vsM6_raw_12m,equal_width,Absolute Mortality,ETmax,High,6,-0.00173,83.3,0.1042,0.3474,ns
M5vsM6_raw_12m,equal_width,Absolute Mortality,GPPsat,High,6,0.34178,33.3,0.8958,0.985,ns
M5vsM6_raw_12m,equal_width,Absolute Mortality,NEPmax,High,6,-0.27468,66.7,0.2008,0.5508,ns
M5vsM6_raw_12m,equal_width,Absolute Mortality,WUE,High,6,0.01209,50,0.7992,0.985,ns
M5vsM6_raw_12m,equal_width,Absolute Mortality,uWUE,High,6,0.00462,50,0.7353,0.985,ns
M5vsM6_raw_12m,equal_width,Relative Mortality,ETmax,Low+Mid,104,-0.00096,60.6,0.02045,0.1534,ns
M5vsM6_raw_12m,equal_width,Relative Mortality,GPPsat,Low+Mid,104,-0.09323,54.8,0.2187,0.5508,ns
M5vsM6_raw_12m,equal_width,Relative Mortality,NEPmax,Low+Mid,104,-0.19069,55.8,0.02029,0.1534,ns
M5vsM6_raw_12m,equal_width,Relative Mortality,WUE,Low+Mid,104,0.00711,46.2,0.8142,0.985,ns
M5vsM6_raw_12m,equal_width,Relative Mortality,uWUE,Low+Mid,104,-0.00597,54.8,0.5816,0.9693,ns
M5vsM6_raw_12m,equal_width,Relative Mortality,ETmax,High,8,0.00121,37.5,0.5279,0.9316,ns
M5vsM6_raw_12m,equal_width,Relative Mortality,GPPsat,High,8,0.74664,25,0.985,0.985,ns
M5vsM6_raw_12m,equal_width,Relative Mortality,NEPmax,High,8,0.29545,12.5,0.9293,0.985,ns
M5vsM6_raw_12m,equal_width,Relative Mortality,WUE,High,8,0.02457,50,0.5279,0.9316,ns
M5vsM6_raw_12m,equal_width,Relative Mortality,uWUE,High,8,-0.06501,62.5,0.09172,0.3439,ns
M5vsM6_raw_12m,equal_width,Relative Disturbance,ETmax,Low+Mid,102,-0.00106,61.8,0.01403,0.1534,ns
M5vsM6_raw_12m,equal_width,Relative Disturbance,GPPsat,Low+Mid,102,-0.11345,54.9,0.2203,0.5508,ns
M5vsM6_raw_12m,equal_width,Relative Disturbance,NEPmax,Low+Mid,102,-0.19069,55.9,0.02004,0.1534,ns
M5vsM6_raw_12m,equal_width,Relative Disturbance,WUE,Low+Mid,102,0.00765,46.1,0.852,0.985,ns
M5vsM6_raw_12m,equal_width,Relative Disturbance,uWUE,Low+Mid,102,-0.00597,54.9,0.6333,0.985,ns
M5vsM6_raw_12m,equal_width,Relative Disturbance,ETmax,High,10,0.0017,30,0.6949,0.985,ns
M5vsM6_raw_12m,equal_width,Relative Disturbance,GPPsat,High,10,0.52853,30,0.9793,0.985,ns
M5vsM6_raw_12m,equal_width,Relative Disturbance,NEPmax,High,10,0.29545,20,0.8894,0.985,ns
M5vsM6_raw_12m,equal_width,Relative Disturbance,WUE,High,10,-0.00445,50,0.3417,0.7323,ns
M5vsM6_raw_12m,equal_width,Relative Disturbance,uWUE,High,10,-0.06501,60,0.06314,0.3157,ns
M5vsM6_raw_12m,natural_breaks,Absolute Mortality,ETmax,High,29,-0.00141,69,0.03635,0.2341,ns
M5vsM6_raw_12m,natural_breaks,Absolute Mortality,GPPsat,High,29,0.18783,48.3,0.9134,0.9449,ns
M5vsM6_raw_12m,natural_breaks,Absolute Mortality,NEPmax,High,29,0.18054,44.8,0.4741,0.7348,ns
M5vsM6_raw_12m,natural_breaks,Absolute Mortality,WUE,High,29,-0.00372,51.7,0.3486,0.7331,ns
M5vsM6_raw_12m,natural_breaks,Absolute Mortality,uWUE,High,29,-0.01602,62.1,0.1304,0.4034,ns
M5vsM6_raw_12m,natural_breaks,Absolute Mortality,ETmax,Low+Mid,83,-0.00049,55.4,0.1345,0.4034,ns
M5vsM6_raw_12m,natural_breaks,Absolute Mortality,GPPsat,Low+Mid,83,-0.10933,54.2,0.196,0.5347,ns
M5vsM6_raw_12m,natural_breaks,Absolute Mortality,NEPmax,Low+Mid,83,-0.16141,55.4,0.02993,0.2341,ns
M5vsM6_raw_12m,natural_breaks,Absolute Mortality,WUE,Low+Mid,83,0.00736,44.6,0.8704,0.9449,ns
M5vsM6_raw_12m,natural_breaks,Absolute Mortality,uWUE,Low+Mid,83,-0.0031,53,0.6477,0.8795,ns
M5vsM6_raw_12m,natural_breaks,Relative Mortality,ETmax,Low+Mid,86,-0.00087,58.1,0.06589,0.3295,ns
M5vsM6_raw_12m,natural_breaks,Relative Mortality,GPPsat,Low+Mid,86,-0.09323,54.7,0.255,0.5885,ns
M5vsM6_raw_12m,natural_breaks,Relative Mortality,NEPmax,Low+Mid,86,-0.17588,54.7,0.03493,0.2341,ns
M5vsM6_raw_12m,natural_breaks,Relative Mortality,WUE,Low+Mid,86,0.00711,46.5,0.6928,0.8795,ns
M5vsM6_raw_12m,natural_breaks,Relative Mortality,uWUE,Low+Mid,86,-0.00776,58.1,0.375,0.7331,ns
M5vsM6_raw_12m,natural_breaks,Relative Mortality,ETmax,High,26,-0.00075,61.5,0.1163,0.4034,ns
M5vsM6_raw_12m,natural_breaks,Relative Mortality,GPPsat,High,26,0.10176,46.2,0.8837,0.9449,ns
M5vsM6_raw_12m,natural_breaks,Relative Mortality,NEPmax,High,26,0.21116,46.2,0.4899,0.7348,ns
M5vsM6_raw_12m,natural_breaks,Relative Mortality,WUE,High,26,0.01711,46.2,0.777,0.9323,ns
M5vsM6_raw_12m,natural_breaks,Relative Mortality,uWUE,High,26,0.004,46.2,0.4696,0.7348,ns
M5vsM6_raw_12m,natural_breaks,Relative Disturbance,ETmax,Low+Mid,88,-0.00111,59.1,0.03902,0.2341,ns
M5vsM6_raw_12m,natural_breaks,Relative Disturbance,GPPsat,Low+Mid,88,-0.12117,56.8,0.1207,0.4034,ns
M5vsM6_raw_12m,natural_breaks,Relative Disturbance,NEPmax,Low+Mid,88,-0.19937,55.7,0.0331,0.2341,ns
M5vsM6_raw_12m,natural_breaks,Relative Disturbance,WUE,Low+Mid,88,0.00365,48.9,0.7036,0.8795,ns
M5vsM6_raw_12m,natural_breaks,Relative Disturbance,uWUE,Low+Mid,88,-0.00776,56.8,0.391,0.7331,ns
M5vsM6_raw_12m,natural_breaks,Relative Disturbance,ETmax,High,24,-0.00043,58.3,0.242,0.5885,ns
M5vsM6_raw_12m,natural_breaks,Relative Disturbance,GPPsat,High,24,0.27906,37.5,0.9901,0.9901,ns
M5vsM6_raw_12m,natural_breaks,Relative Disturbance,NEPmax,High,24,0.21116,41.7,0.6501,0.8795,ns
M5vsM6_raw_12m,natural_breaks,Relative Disturbance,WUE,High,24,0.04076,37.5,0.8234,0.9449,ns
M5vsM6_raw_12m,natural_breaks,Relative Disturbance,uWUE,High,24,-0.00191,50,0.4376,0.7348,ns
M5vsM6_raw_24m,tertiles,Absolute Mortality,ETmax,High,37,0.00035,48.6,0.56,0.9936,ns
M5vsM6_raw_24m,tertiles,Absolute Mortality,GPPsat,High,37,0.17434,43.2,0.8975,0.9936,ns
M5vsM6_raw_24m,tertiles,Absolute Mortality,NEPmax,High,37,-0.03961,51.4,0.6186,0.9936,ns
M5vsM6_raw_24m,tertiles,Absolute Mortality,WUE,High,37,-0.00123,51.4,0.37,0.9936,ns
M5vsM6_raw_24m,tertiles,Absolute Mortality,uWUE,High,37,-0.0012,54.1,0.1109,0.6658,ns
M5vsM6_raw_24m,tertiles,Absolute Mortality,ETmax,Low+Mid,75,-0.00017,52,0.2134,0.8711,ns
M5vsM6_raw_24m,tertiles,Absolute Mortality,GPPsat,Low+Mid,75,-0.02758,54.7,0.2905,0.9685,ns
M5vsM6_raw_24m,tertiles,Absolute Mortality,NEPmax,Low+Mid,75,-0.00467,50.7,0.3727,0.9936,ns
M5vsM6_raw_24m,tertiles,Absolute Mortality,WUE,Low+Mid,75,0.02134,36,0.9467,0.9936,ns
M5vsM6_raw_24m,tertiles,Absolute Mortality,uWUE,Low+Mid,75,0.00082,49.3,0.8821,0.9936,ns
M5vsM6_raw_24m,tertiles,Relative Mortality,ETmax,High,37,0.00045,43.2,0.6907,0.9936,ns
M5vsM6_raw_24m,tertiles,Relative Mortality,GPPsat,High,37,0.20537,35.1,0.9703,0.9936,ns
M5vsM6_raw_24m,tertiles,Relative Mortality,NEPmax,High,37,0.24312,35.1,0.9936,0.9936,ns
M5vsM6_raw_24m,tertiles,Relative Mortality,WUE,High,37,0.01805,40.5,0.8475,0.9936,ns
M5vsM6_raw_24m,tertiles,Relative Mortality,uWUE,High,37,-0.00071,51.4,0.5659,0.9936,ns
M5vsM6_raw_24m,tertiles,Relative Mortality,ETmax,Low+Mid,75,-0.00026,54.7,0.1243,0.6658,ns
M5vsM6_raw_24m,tertiles,Relative Mortality,GPPsat,Low+Mid,75,-0.06053,58.7,0.1332,0.6658,ns
M5vsM6_raw_24m,tertiles,Relative Mortality,NEPmax,Low+Mid,75,-0.07541,58.7,0.02399,0.6281,ns
M5vsM6_raw_24m,tertiles,Relative Mortality,WUE,Low+Mid,75,0.01758,41.3,0.7255,0.9936,ns
M5vsM6_raw_24m,tertiles,Relative Mortality,uWUE,Low+Mid,75,-0.00022,50.7,0.6132,0.9936,ns
M5vsM6_raw_24m,tertiles,Relative Disturbance,ETmax,High,37,0.00045,40.5,0.7219,0.9936,ns
M5vsM6_raw_24m,tertiles,Relative Disturbance,GPPsat,High,37,0.09151,40.5,0.9362,0.9936,ns
M5vsM6_raw_24m,tertiles,Relative Disturbance,NEPmax,High,37,0.24312,35.1,0.9813,0.9936,ns
M5vsM6_raw_24m,tertiles,Relative Disturbance,WUE,High,37,0.01934,35.1,0.9127,0.9936,ns
M5vsM6_raw_24m,tertiles,Relative Disturbance,uWUE,High,37,0.00578,45.9,0.8051,0.9936,ns
M5vsM6_raw_24m,tertiles,Relative Disturbance,ETmax,Low+Mid,75,-0.00048,56,0.1011,0.6658,ns
M5vsM6_raw_24m,tertiles,Relative Disturbance,GPPsat,Low+Mid,75,-0.04414,56,0.2323,0.8711,ns
M5vsM6_raw_24m,tertiles,Relative Disturbance,NEPmax,Low+Mid,75,-0.07541,58.7,0.04187,0.6281,ns
M5vsM6_raw_24m,tertiles,Relative Disturbance,WUE,Low+Mid,75,0.00966,44,0.6293,0.9936,ns
M5vsM6_raw_24m,tertiles,Relative Disturbance,uWUE,Low+Mid,75,-0.00517,53.3,0.4194,0.9936,ns
M5vsM6_raw_24m,equal_width,Absolute Mortality,ETmax,Low+Mid,106,-0.00017,51.9,0.2746,0.96,ns
M5vsM6_raw_24m,equal_width,Absolute Mortality,GPPsat,Low+Mid,106,-0.0164,51.9,0.5725,0.96,ns
M5vsM6_raw_24m,equal_width,Absolute Mortality,NEPmax,Low+Mid,106,0.01257,49.1,0.5589,0.96,ns
M5vsM6_raw_24m,equal_width,Absolute Mortality,WUE,Low+Mid,106,0.01658,41.5,0.8302,0.96,ns
M5vsM6_raw_24m,equal_width,Absolute Mortality,uWUE,Low+Mid,106,-0.00086,51.9,0.5651,0.96,ns
M5vsM6_raw_24m,equal_width,Absolute Mortality,ETmax,High,6,0.00038,33.3,0.5,0.96,ns
M5vsM6_raw_24m,equal_width,Absolute Mortality,GPPsat,High,6,0.28144,33.3,0.7992,0.96,ns
M5vsM6_raw_24m,equal_width,Absolute Mortality,NEPmax,High,6,-0.26447,83.3,0.2008,0.96,ns
M5vsM6_raw_24m,equal_width,Absolute Mortality,WUE,High,6,0.05195,33.3,0.6625,0.96,ns
M5vsM6_raw_24m,equal_width,Absolute Mortality,uWUE,High,6,0.01339,33.3,0.8527,0.96,ns
M5vsM6_raw_24m,equal_width,Relative Mortality,ETmax,Low+Mid,104,-0.00021,52.9,0.1884,0.96,ns
M5vsM6_raw_24m,equal_width,Relative Mortality,GPPsat,Low+Mid,104,-0.02248,52.9,0.4735,0.96,ns
M5vsM6_raw_24m,equal_width,Relative Mortality,NEPmax,Low+Mid,104,-0.04438,53.8,0.2609,0.96,ns
M5vsM6_raw_24m,equal_width,Relative Mortality,WUE,Low+Mid,104,0.0177,40.4,0.8559,0.96,ns
M5vsM6_raw_24m,equal_width,Relative Mortality,uWUE,Low+Mid,104,0.00146,49,0.7412,0.96,ns
M5vsM6_raw_24m,equal_width,Relative Mortality,ETmax,High,8,0.00136,25,0.7794,0.96,ns
M5vsM6_raw_24m,equal_width,Relative Mortality,GPPsat,High,8,0.61789,25,0.9083,0.96,ns
M5vsM6_raw_24m,equal_width,Relative Mortality,NEPmax,High,8,0.28211,12.5,0.96,0.96,ns
M5vsM6_raw_24m,equal_width,Relative Mortality,WUE,High,8,-0.00181,50,0.6369,0.96,ns
M5vsM6_raw_24m,equal_width,Relative Mortality,uWUE,High,8,-0.04277,75,0.1814,0.96,ns
M5vsM6_raw_24m,equal_width,Relative Disturbance,ETmax,Low+Mid,102,-0.00028,53.9,0.124,0.96,ns
M5vsM6_raw_24m,equal_width,Relative Disturbance,GPPsat,Low+Mid,102,-0.03257,52.9,0.4429,0.96,ns
M5vsM6_raw_24m,equal_width,Relative Disturbance,NEPmax,Low+Mid,102,-0.04438,53.9,0.2575,0.96,ns
M5vsM6_raw_24m,equal_width,Relative Disturbance,WUE,Low+Mid,102,0.0177,40.2,0.869,0.96,ns
M5vsM6_raw_24m,equal_width,Relative Disturbance,uWUE,Low+Mid,102,0.00146,49,0.7604,0.96,ns
M5vsM6_raw_24m,equal_width,Relative Disturbance,ETmax,High,10,0.00177,20,0.8689,0.96,ns
M5vsM6_raw_24m,equal_width,Relative Disturbance,GPPsat,High,10,0.33645,30,0.9232,0.96,ns
M5vsM6_raw_24m,equal_width,Relative Disturbance,NEPmax,High,10,0.28211,20,0.9485,0.96,ns
M5vsM6_raw_24m,equal_width,Relative Disturbance,WUE,High,10,-0.00181,50,0.6201,0.96,ns
M5vsM6_raw_24m,equal_width,Relative Disturbance,uWUE,High,10,-0.01922,70,0.154,0.96,ns
M5vsM6_raw_24m,natural_breaks,Absolute Mortality,ETmax,High,29,-0.00054,51.7,0.3327,0.9875,ns
M5vsM6_raw_24m,natural_breaks,Absolute Mortality,GPPsat,High,29,0.02072,48.3,0.8347,0.9875,ns
M5vsM6_raw_24m,natural_breaks,Absolute Mortality,NEPmax,High,29,-0.05274,55.2,0.5856,0.9875,ns
M5vsM6_raw_24m,natural_breaks,Absolute Mortality,WUE,High,29,0.01758,44.8,0.5856,0.9875,ns
M5vsM6_raw_24m,natural_breaks,Absolute Mortality,uWUE,High,29,-0.00101,51.7,0.1819,0.9875,ns
M5vsM6_raw_24m,natural_breaks,Absolute Mortality,ETmax,Low+Mid,83,-5e-05,50.6,0.3274,0.9875,ns
M5vsM6_raw_24m,natural_breaks,Absolute Mortality,GPPsat,Low+Mid,83,-0.01542,51.8,0.4413,0.9875,ns
M5vsM6_raw_24m,natural_breaks,Absolute Mortality,NEPmax,Low+Mid,83,0.00088,49.4,0.4235,0.9875,ns
M5vsM6_raw_24m,natural_breaks,Absolute Mortality,WUE,Low+Mid,83,0.01781,39.8,0.8751,0.9875,ns
M5vsM6_raw_24m,natural_breaks,Absolute Mortality,uWUE,Low+Mid,83,-0.00022,50.6,0.8014,0.9875,ns
M5vsM6_raw_24m,natural_breaks,Relative Mortality,ETmax,Low+Mid,86,-0.00017,52.3,0.2427,0.9875,ns
M5vsM6_raw_24m,natural_breaks,Relative Mortality,GPPsat,Low+Mid,86,-0.04085,54.7,0.3428,0.9875,ns
M5vsM6_raw_24m,natural_breaks,Relative Mortality,NEPmax,Low+Mid,86,-0.05095,54.7,0.1706,0.9875,ns
M5vsM6_raw_24m,natural_breaks,Relative Mortality,WUE,Low+Mid,86,0.01432,41.9,0.7209,0.9875,ns
M5vsM6_raw_24m,natural_breaks,Relative Mortality,uWUE,Low+Mid,86,-0.00071,51.2,0.5446,0.9875,ns
M5vsM6_raw_24m,natural_breaks,Relative Mortality,ETmax,High,26,0.00038,46.2,0.4195,0.9875,ns
M5vsM6_raw_24m,natural_breaks,Relative Mortality,GPPsat,High,26,0.14844,38.5,0.9188,0.9875,ns
M5vsM6_raw_24m,natural_breaks,Relative Mortality,NEPmax,High,26,0.15444,38.5,0.948,0.9875,ns
M5vsM6_raw_24m,natural_breaks,Relative Mortality,WUE,High,26,0.0269,38.5,0.8681,0.9875,ns
M5vsM6_raw_24m,natural_breaks,Relative Mortality,uWUE,High,26,0.0024,50,0.667,0.9875,ns
M5vsM6_raw_24m,natural_breaks,Relative Disturbance,ETmax,Low+Mid,88,-0.00038,55.7,0.1102,0.9875,ns
M5vsM6_raw_24m,natural_breaks,Relative Disturbance,GPPsat,Low+Mid,88,-0.0576,56.8,0.1838,0.9875,ns
M5vsM6_raw_24m,natural_breaks,Relative Disturbance,NEPmax,Low+Mid,88,-0.05095,55.7,0.1625,0.9875,ns
M5vsM6_raw_24m,natural_breaks,Relative Disturbance,WUE,Low+Mid,88,0.01658,40.9,0.7968,0.9875,ns
M5vsM6_raw_24m,natural_breaks,Relative Disturbance,uWUE,Low+Mid,88,-0.00227,53.4,0.4512,0.9875,ns
M5vsM6_raw_24m,natural_breaks,Relative Disturbance,ETmax,High,24,0.00104,33.3,0.7923,0.9875,ns
M5vsM6_raw_24m,natural_breaks,Relative Disturbance,GPPsat,High,24,0.33645,29.2,0.9875,0.9875,ns
M5vsM6_raw_24m,natural_breaks,Relative Disturbance,NEPmax,High,24,0.20225,33.3,0.9554,0.9875,ns
M5vsM6_raw_24m,natural_breaks,Relative Disturbance,WUE,High,24,0.01846,41.7,0.7755,0.9875,ns
M5vsM6_raw_24m,natural_breaks,Relative Disturbance,uWUE,High,24,0.01251,41.7,0.784,0.9875,ns
M5vsM6_anom_12m,tertiles,Absolute Mortality,ETmax,High,37,-0.00068,54.1,0.212,0.2544,ns
M5vsM6_anom_12m,tertiles,Absolute Mortality,GPPsat,High,37,-0.84486,75.7,0.003161,0.007902,**
M5vsM6_anom_12m,tertiles,Absolute Mortality,NEPmax,High,37,-0.74396,64.9,0.002508,0.006839,**
M5vsM6_anom_12m,tertiles,Absolute Mortality,WUE,High,37,-0.04877,56.8,0.07808,0.1195,ns
M5vsM6_anom_12m,tertiles,Absolute Mortality,uWUE,High,37,0.02061,45.9,0.5,0.5,ns
M5vsM6_anom_12m,tertiles,Absolute Mortality,ETmax,Low+Mid,75,-0.00221,56,0.05996,0.09993,ns
M5vsM6_anom_12m,tertiles,Absolute Mortality,GPPsat,Low+Mid,75,-0.85575,69.3,6.244e-05,0.001304,**
M5vsM6_anom_12m,tertiles,Absolute Mortality,NEPmax,Low+Mid,75,-1.17756,69.3,0.0003736,0.002676,**
M5vsM6_anom_12m,tertiles,Absolute Mortality,WUE,Low+Mid,75,-0.02862,57.3,0.08285,0.1195,ns
M5vsM6_anom_12m,tertiles,Absolute Mortality,uWUE,Low+Mid,75,-0.02343,53.3,0.05628,0.09993,ns
M5vsM6_anom_12m,tertiles,Relative Mortality,ETmax,High,37,-0.00094,54.1,0.2935,0.3261,ns
M5vsM6_anom_12m,tertiles,Relative Mortality,GPPsat,High,37,-0.80367,70.3,0.001554,0.005179,**
M5vsM6_anom_12m,tertiles,Relative Mortality,NEPmax,High,37,-1.15316,64.9,0.0009918,0.00425,**
M5vsM6_anom_12m,tertiles,Relative Mortality,WUE,High,37,0.01868,48.6,0.108,0.1409,ns
M5vsM6_anom_12m,tertiles,Relative Mortality,uWUE,High,37,0.02255,43.2,0.32,0.3429,ns
M5vsM6_anom_12m,tertiles,Relative Mortality,ETmax,Low+Mid,75,-0.00122,56,0.04234,0.09074,ns
M5vsM6_anom_12m,tertiles,Relative Mortality,GPPsat,Low+Mid,75,-0.85575,72,0.0001304,0.001304,**
M5vsM6_anom_12m,tertiles,Relative Mortality,NEPmax,Low+Mid,75,-1.06232,69.3,0.0004606,0.002676,**
M5vsM6_anom_12m,tertiles,Relative Mortality,WUE,Low+Mid,75,-0.03297,61.3,0.05748,0.09993,ns
M5vsM6_anom_12m,tertiles,Relative Mortality,uWUE,Low+Mid,75,-0.02064,54.7,0.1078,0.1409,ns
M5vsM6_anom_12m,tertiles,Relative Disturbance,ETmax,High,37,-0.00094,54.1,0.2486,0.2869,ns
M5vsM6_anom_12m,tertiles,Relative Disturbance,GPPsat,High,37,-0.80367,70.3,0.002283,0.006839,**
M5vsM6_anom_12m,tertiles,Relative Disturbance,NEPmax,High,37,-1.15316,64.9,0.001154,0.004328,**
M5vsM6_anom_12m,tertiles,Relative Disturbance,WUE,High,37,0.02381,45.9,0.1908,0.2385,ns
M5vsM6_anom_12m,tertiles,Relative Disturbance,uWUE,High,37,0.02255,43.2,0.3364,0.348,ns
M5vsM6_anom_12m,tertiles,Relative Disturbance,ETmax,Low+Mid,75,-0.00122,56,0.05393,0.09993,ns
M5vsM6_anom_12m,tertiles,Relative Disturbance,GPPsat,Low+Mid,75,-0.91262,72,9.349e-05,0.001304,**
M5vsM6_anom_12m,tertiles,Relative Disturbance,NEPmax,Low+Mid,75,-1.06232,69.3,0.0005353,0.002676,**
M5vsM6_anom_12m,tertiles,Relative Disturbance,WUE,Low+Mid,75,-0.04165,62.7,0.02583,0.05962,ns
M5vsM6_anom_12m,tertiles,Relative Disturbance,uWUE,Low+Mid,75,-0.02064,54.7,0.08366,0.1195,ns
M5vsM6_anom_12m,equal_width,Absolute Mortality,ETmax,Low+Mid,106,-0.00119,55.7,0.02706,0.09021,ns
M5vsM6_anom_12m,equal_width,Absolute Mortality,GPPsat,Low+Mid,106,-0.93559,71.7,1.772e-06,5.317e-05,***
M5vsM6_anom_12m,equal_width,Absolute Mortality,NEPmax,Low+Mid,106,-1.16536,68.9,7.758e-06,5.818e-05,***
M5vsM6_anom_12m,equal_width,Absolute Mortality,WUE,Low+Mid,106,-0.03262,58.5,0.02055,0.08809,ns
M5vsM6_anom_12m,equal_width,Absolute Mortality,uWUE,Low+Mid,106,-0.00893,51.9,0.08179,0.143,ns
M5vsM6_anom_12m,equal_width,Absolute Mortality,ETmax,High,6,0.00095,50,0.7353,0.7353,ns
M5vsM6_anom_12m,equal_width,Absolute Mortality,GPPsat,High,6,-0.36041,66.7,0.417,0.4633,ns
M5vsM6_anom_12m,equal_width,Absolute Mortality,NEPmax,High,6,-0.2969,50,0.2647,0.3309,ns
M5vsM6_anom_12m,equal_width,Absolute Mortality,WUE,High,6,0.05028,33.3,0.6625,0.6854,ns
M5vsM6_anom_12m,equal_width,Absolute Mortality,uWUE,High,6,0.06563,33.3,0.583,0.6247,ns
M5vsM6_anom_12m,equal_width,Relative Mortality,ETmax,Low+Mid,104,-0.00115,55.8,0.04479,0.1026,ns
M5vsM6_anom_12m,equal_width,Relative Mortality,GPPsat,Low+Mid,104,-0.82426,71.2,4.027e-06,5.818e-05,***
M5vsM6_anom_12m,equal_width,Relative Mortality,NEPmax,Low+Mid,104,-1.16536,68.3,1.102e-05,6.61e-05,***
M5vsM6_anom_12m,equal_width,Relative Mortality,WUE,Low+Mid,104,-0.03016,56.7,0.06517,0.1303,ns
M5vsM6_anom_12m,equal_width,Relative Mortality,uWUE,Low+Mid,104,-0.00142,50,0.1665,0.2271,ns
M5vsM6_anom_12m,equal_width,Relative Mortality,ETmax,High,8,-0.00339,50,0.4168,0.4633,ns
M5vsM6_anom_12m,equal_width,Relative Mortality,GPPsat,High,8,-1.20604,75,0.09172,0.143,ns
M5vsM6_anom_12m,equal_width,Relative Mortality,NEPmax,High,8,-0.69569,62.5,0.117,0.1671,ns
M5vsM6_anom_12m,equal_width,Relative Mortality,WUE,High,8,-0.30965,62.5,0.07074,0.1326,ns
M5vsM6_anom_12m,equal_width,Relative Mortality,uWUE,High,8,-0.19965,62.5,0.09172,0.143,ns
M5vsM6_anom_12m,equal_width,Relative Disturbance,ETmax,Low+Mid,102,-0.00115,55.9,0.04788,0.1026,ns
M5vsM6_anom_12m,equal_width,Relative Disturbance,GPPsat,Low+Mid,102,-0.82426,70.6,6.818e-06,5.818e-05,***
M5vsM6_anom_12m,equal_width,Relative Disturbance,NEPmax,Low+Mid,102,-1.10774,67.6,2.462e-05,0.0001231,***
M5vsM6_anom_12m,equal_width,Relative Disturbance,WUE,Low+Mid,102,-0.0286,55.9,0.09534,0.143,ns
M5vsM6_anom_12m,equal_width,Relative Disturbance,uWUE,Low+Mid,102,0.00146,49,0.2406,0.3138,ns
M5vsM6_anom_12m,equal_width,Relative Disturbance,ETmax,High,10,-0.00339,50,0.3417,0.4101,ns
M5vsM6_anom_12m,equal_width,Relative Disturbance,GPPsat,High,10,-1.20604,80,0.04157,0.1026,ns
M5vsM6_anom_12m,equal_width,Relative Disturbance,NEPmax,High,10,-2.12696,70,0.03327,0.09982,ns
M5vsM6_anom_12m,equal_width,Relative Disturbance,WUE,High,10,-0.30965,70,0.02639,0.09021,ns
M5vsM6_anom_12m,equal_width,Relative Disturbance,uWUE,High,10,-0.25752,70,0.04157,0.1026,ns
M5vsM6_anom_12m,natural_breaks,Absolute Mortality,ETmax,High,29,-0.00111,58.6,0.2445,0.2821,ns
M5vsM6_anom_12m,natural_breaks,Absolute Mortality,GPPsat,High,29,-0.95856,72.4,0.009213,0.02303,*
M5vsM6_anom_12m,natural_breaks,Absolute Mortality,NEPmax,High,29,-1.05429,65.5,0.003667,0.01222,*
M5vsM6_anom_12m,natural_breaks,Absolute Mortality,WUE,High,29,-0.04165,51.7,0.1172,0.1528,ns
M5vsM6_anom_12m,natural_breaks,Absolute Mortality,uWUE,High,29,0.02255,44.8,0.4484,0.4638,ns
M5vsM6_anom_12m,natural_breaks,Absolute Mortality,ETmax,Low+Mid,83,-0.00115,54.2,0.05577,0.09842,ns
M5vsM6_anom_12m,natural_breaks,Absolute Mortality,GPPsat,Low+Mid,83,-0.84486,71.1,2.348e-05,0.0004575,***
M5vsM6_anom_12m,natural_breaks,Absolute Mortality,NEPmax,Low+Mid,83,-1.15316,68.7,0.0002078,0.001247,**
M5vsM6_anom_12m,natural_breaks,Absolute Mortality,WUE,Low+Mid,83,-0.03171,59,0.05037,0.09445,ns
M5vsM6_anom_12m,natural_breaks,Absolute Mortality,uWUE,Low+Mid,83,-0.02064,53,0.07408,0.1058,ns
M5vsM6_anom_12m,natural_breaks,Relative Mortality,ETmax,Low+Mid,86,-0.00196,58.1,0.02286,0.05275,ns
M5vsM6_anom_12m,natural_breaks,Relative Mortality,GPPsat,Low+Mid,86,-0.93559,70.9,3.05e-05,0.0004575,***
M5vsM6_anom_12m,natural_breaks,Relative Mortality,NEPmax,Low+Mid,86,-1.11994,68.6,0.0001304,0.0009777,***
M5vsM6_anom_12m,natural_breaks,Relative Mortality,WUE,Low+Mid,86,-0.03016,57,0.09971,0.136,ns
M5vsM6_anom_12m,natural_breaks,Relative Mortality,uWUE,Low+Mid,86,-0.0061,51.2,0.2578,0.2864,ns
M5vsM6_anom_12m,natural_breaks,Relative Mortality,ETmax,High,26,0.00058,46.2,0.5405,0.5405,ns
M5vsM6_anom_12m,natural_breaks,Relative Mortality,GPPsat,High,26,-0.72652,73.1,0.009088,0.02303,*
M5vsM6_anom_12m,natural_breaks,Relative Mortality,NEPmax,High,26,-1.10372,65.4,0.004448,0.01335,*
M5vsM6_anom_12m,natural_breaks,Relative Mortality,WUE,High,26,-0.05171,57.7,0.04441,0.08882,ns
M5vsM6_anom_12m,natural_breaks,Relative Mortality,uWUE,High,26,-0.00519,50,0.07385,0.1058,ns
M5vsM6_anom_12m,natural_breaks,Relative Disturbance,ETmax,Low+Mid,88,-0.00119,55.7,0.03249,0.06963,ns
M5vsM6_anom_12m,natural_breaks,Relative Disturbance,GPPsat,Low+Mid,88,-0.85031,69.3,6.192e-05,0.0006192,***
M5vsM6_anom_12m,natural_breaks,Relative Disturbance,NEPmax,Low+Mid,88,-0.97359,67,0.0003454,0.001727,**
M5vsM6_anom_12m,natural_breaks,Relative Disturbance,WUE,Low+Mid,88,-0.03016,58,0.06955,0.1058,ns
M5vsM6_anom_12m,natural_breaks,Relative Disturbance,uWUE,Low+Mid,88,-0.00893,52.3,0.1448,0.181,ns
M5vsM6_anom_12m,natural_breaks,Relative Disturbance,ETmax,High,24,-0.00103,54.2,0.4376,0.4638,ns
M5vsM6_anom_12m,natural_breaks,Relative Disturbance,GPPsat,High,24,-0.96547,79.2,0.00318,0.01193,*
M5vsM6_anom_12m,natural_breaks,Relative Disturbance,NEPmax,High,24,-1.32802,70.8,0.001288,0.00552,**
M5vsM6_anom_12m,natural_breaks,Relative Disturbance,WUE,High,24,-0.05171,54.2,0.06319,0.1053,ns
M5vsM6_anom_12m,natural_breaks,Relative Disturbance,uWUE,High,24,0.02158,45.8,0.1766,0.2119,ns
M5vsM6_anom_24m,tertiles,Absolute Mortality,ETmax,High,37,0.00019,45.9,0.2486,0.2664,ns
M5vsM6_anom_24m,tertiles,Absolute Mortality,GPPsat,High,37,-0.3857,59.5,0.01381,0.03453,*
M5vsM6_anom_24m,tertiles,Absolute Mortality,NEPmax,High,37,-0.86152,62.2,0.002076,0.006839,**
M5vsM6_anom_24m,tertiles,Absolute Mortality,WUE,High,37,-0.06721,56.8,0.09216,0.1317,ns
M5vsM6_anom_24m,tertiles,Absolute Mortality,uWUE,High,37,0.03096,45.9,0.4105,0.4105,ns
M5vsM6_anom_24m,tertiles,Absolute Mortality,ETmax,Low+Mid,75,-0.00114,56,0.0736,0.1227,ns
M5vsM6_anom_24m,tertiles,Absolute Mortality,GPPsat,Low+Mid,75,-0.99385,72,6.244e-05,0.001873,**
M5vsM6_anom_24m,tertiles,Absolute Mortality,NEPmax,Low+Mid,75,-0.89192,68,0.000506,0.002727,**
M5vsM6_anom_24m,tertiles,Absolute Mortality,WUE,Low+Mid,75,-0.05828,60,0.05165,0.09685,ns
M5vsM6_anom_24m,tertiles,Absolute Mortality,uWUE,Low+Mid,75,-0.03764,57.3,0.03956,0.08972,ns
M5vsM6_anom_24m,tertiles,Relative Mortality,ETmax,High,37,-4e-05,51.4,0.2884,0.2983,ns
M5vsM6_anom_24m,tertiles,Relative Mortality,GPPsat,High,37,-0.93524,70.3,0.0009918,0.00425,**
M5vsM6_anom_24m,tertiles,Relative Mortality,NEPmax,High,37,-0.86152,67.6,0.001554,0.005826,**
M5vsM6_anom_24m,tertiles,Relative Mortality,WUE,High,37,-0.06261,56.8,0.05162,0.09685,ns
M5vsM6_anom_24m,tertiles,Relative Mortality,uWUE,High,37,-0.04997,51.4,0.1321,0.1652,ns
M5vsM6_anom_24m,tertiles,Relative Mortality,ETmax,Low+Mid,75,-0.00123,53.3,0.05871,0.1036,ns
M5vsM6_anom_24m,tertiles,Relative Mortality,GPPsat,Low+Mid,75,-0.90013,66.7,0.0005453,0.002727,**
M5vsM6_anom_24m,tertiles,Relative Mortality,NEPmax,Low+Mid,75,-0.89192,65.3,0.0004606,0.002727,**
M5vsM6_anom_24m,tertiles,Relative Mortality,WUE,Low+Mid,75,-0.05828,60,0.09121,0.1317,ns
M5vsM6_anom_24m,tertiles,Relative Mortality,uWUE,Low+Mid,75,-0.03216,54.7,0.1522,0.1756,ns
M5vsM6_anom_24m,tertiles,Relative Disturbance,ETmax,High,37,-0.00043,54.1,0.2208,0.2454,ns
M5vsM6_anom_24m,tertiles,Relative Disturbance,GPPsat,High,37,-0.81887,67.6,0.002508,0.006839,**
M5vsM6_anom_24m,tertiles,Relative Disturbance,NEPmax,High,37,-0.84774,67.6,0.002508,0.006839,**
M5vsM6_anom_24m,tertiles,Relative Disturbance,WUE,High,37,-0.00153,51.4,0.1109,0.1512,ns
M5vsM6_anom_24m,tertiles,Relative Disturbance,uWUE,High,37,-0.04997,51.4,0.1489,0.1756,ns
M5vsM6_anom_24m,tertiles,Relative Disturbance,ETmax,Low+Mid,75,-0.00123,52,0.08366,0.1317,ns
M5vsM6_anom_24m,tertiles,Relative Disturbance,GPPsat,Low+Mid,75,-0.93754,68,0.0003021,0.002727,**
M5vsM6_anom_24m,tertiles,Relative Disturbance,NEPmax,Low+Mid,75,-0.94153,65.3,0.000427,0.002727,**
M5vsM6_anom_24m,tertiles,Relative Disturbance,WUE,Low+Mid,75,-0.06721,62.7,0.04187,0.08972,ns
M5vsM6_anom_24m,tertiles,Relative Disturbance,uWUE,Low+Mid,75,-0.03216,54.7,0.1298,0.1652,ns
M5vsM6_anom_24m,equal_width,Absolute Mortality,ETmax,Low+Mid,106,-0.00057,53.8,0.03904,0.1037,ns
M5vsM6_anom_24m,equal_width,Absolute Mortality,GPPsat,Low+Mid,106,-0.96569,68.9,5.652e-06,0.0001167,***
M5vsM6_anom_24m,equal_width,Absolute Mortality,NEPmax,Low+Mid,106,-0.90711,67,9.877e-06,0.0001167,***
M5vsM6_anom_24m,equal_width,Absolute Mortality,WUE,Low+Mid,106,-0.06491,60.4,0.01617,0.06065,ns
M5vsM6_anom_24m,equal_width,Absolute Mortality,uWUE,Low+Mid,106,-0.03253,53.8,0.05398,0.1037,ns
M5vsM6_anom_24m,equal_width,Absolute Mortality,ETmax,High,6,0.00187,33.3,0.8527,0.8527,ns
M5vsM6_anom_24m,equal_width,Absolute Mortality,GPPsat,High,6,-0.1297,50,0.5,0.5357,ns
M5vsM6_anom_24m,equal_width,Absolute Mortality,NEPmax,High,6,-0.30487,50,0.2647,0.3309,ns
M5vsM6_anom_24m,equal_width,Absolute Mortality,WUE,High,6,0.02036,33.3,0.7353,0.7607,ns
M5vsM6_anom_24m,equal_width,Absolute Mortality,uWUE,High,6,-0.00086,50,0.5,0.5357,ns
M5vsM6_anom_24m,equal_width,Relative Mortality,ETmax,Low+Mid,104,-0.00045,51.9,0.05405,0.1037,ns
M5vsM6_anom_24m,equal_width,Relative Mortality,GPPsat,Low+Mid,104,-0.91768,67.3,1.167e-05,0.0001167,***
M5vsM6_anom_24m,equal_width,Relative Mortality,NEPmax,Low+Mid,104,-0.90711,65.4,1.716e-05,0.0001287,***
M5vsM6_anom_24m,equal_width,Relative Mortality,WUE,Low+Mid,104,-0.05711,57.7,0.0596,0.1052,ns
M5vsM6_anom_24m,equal_width,Relative Mortality,uWUE,Low+Mid,104,-0.0284,52.9,0.1397,0.1906,ns
M5vsM6_anom_24m,equal_width,Relative Mortality,ETmax,High,8,-0.0016,62.5,0.3631,0.419,ns
M5vsM6_anom_24m,equal_width,Relative Mortality,GPPsat,High,8,-1.12828,75,0.09172,0.1376,ns
M5vsM6_anom_24m,equal_width,Relative Mortality,NEPmax,High,8,-0.84555,75,0.09172,0.1376,ns
M5vsM6_anom_24m,equal_width,Relative Mortality,WUE,High,8,-0.29481,75,0.04003,0.1037,ns
M5vsM6_anom_24m,equal_width,Relative Mortality,uWUE,High,8,-0.28658,62.5,0.117,0.1671,ns
M5vsM6_anom_24m,equal_width,Relative Disturbance,ETmax,Low+Mid,102,-0.00045,52,0.05528,0.1037,ns
M5vsM6_anom_24m,equal_width,Relative Disturbance,GPPsat,Low+Mid,102,-0.89194,66.7,2.392e-05,0.0001435,***
M5vsM6_anom_24m,equal_width,Relative Disturbance,NEPmax,Low+Mid,102,-0.89159,64.7,3.978e-05,0.0001989,***
M5vsM6_anom_24m,equal_width,Relative Disturbance,WUE,Low+Mid,102,-0.04819,56.9,0.08819,0.1376,ns
M5vsM6_anom_24m,equal_width,Relative Disturbance,uWUE,Low+Mid,102,-0.02379,52,0.2106,0.2746,ns
M5vsM6_anom_24m,equal_width,Relative Disturbance,ETmax,High,10,-0.0016,60,0.3417,0.4101,ns
M5vsM6_anom_24m,equal_width,Relative Disturbance,GPPsat,High,10,-1.87492,80,0.04157,0.1037,ns
M5vsM6_anom_24m,equal_width,Relative Disturbance,NEPmax,High,10,-1.19883,80,0.02639,0.08798,ns
M5vsM6_anom_24m,equal_width,Relative Disturbance,WUE,High,10,-0.29481,80,0.01616,0.06065,ns
M5vsM6_anom_24m,equal_width,Relative Disturbance,uWUE,High,10,-0.29672,70,0.05146,0.1037,ns
M5vsM6_anom_24m,natural_breaks,Absolute Mortality,ETmax,High,29,-0.00046,51.7,0.2246,0.2591,ns
M5vsM6_anom_24m,natural_breaks,Absolute Mortality,GPPsat,High,29,-0.37031,58.6,0.03635,0.0727,ns
M5vsM6_anom_24m,natural_breaks,Absolute Mortality,NEPmax,High,29,-0.97024,65.5,0.003667,0.01222,*
M5vsM6_anom_24m,natural_breaks,Absolute Mortality,WUE,High,29,-0.07341,55.2,0.113,0.1473,ns
M5vsM6_anom_24m,natural_breaks,Absolute Mortality,uWUE,High,29,0.03096,44.8,0.4228,0.4374,ns
M5vsM6_anom_24m,natural_breaks,Absolute Mortality,ETmax,Low+Mid,83,-5e-04,53,0.07666,0.1095,ns
M5vsM6_anom_24m,natural_breaks,Absolute Mortality,GPPsat,Low+Mid,83,-0.93754,71.1,2.442e-05,0.0007325,***
M5vsM6_anom_24m,natural_breaks,Absolute Mortality,NEPmax,Low+Mid,83,-0.89127,66.3,0.0002507,0.001253,**
M5vsM6_anom_24m,natural_breaks,Absolute Mortality,WUE,Low+Mid,83,-0.05828,60.2,0.04411,0.07471,ns
M5vsM6_anom_24m,natural_breaks,Absolute Mortality,uWUE,Low+Mid,83,-0.03566,56.6,0.0454,0.07471,ns
M5vsM6_anom_24m,natural_breaks,Relative Mortality,ETmax,Low+Mid,86,-0.00118,52.3,0.05556,0.08333,ns
M5vsM6_anom_24m,natural_breaks,Relative Mortality,GPPsat,Low+Mid,86,-0.97607,66.3,0.0001348,0.001253,**
M5vsM6_anom_24m,natural_breaks,Relative Mortality,NEPmax,Low+Mid,86,-0.9448,66.3,0.0001304,0.001253,**
M5vsM6_anom_24m,natural_breaks,Relative Mortality,WUE,Low+Mid,86,-0.04819,58.1,0.1208,0.1509,ns
M5vsM6_anom_24m,natural_breaks,Relative Mortality,uWUE,Low+Mid,86,-0.01742,51.2,0.3072,0.3413,ns
M5vsM6_anom_24m,natural_breaks,Relative Mortality,ETmax,High,26,-0.00024,53.8,0.3516,0.3767,ns
M5vsM6_anom_24m,natural_breaks,Relative Mortality,GPPsat,High,26,-0.77237,73.1,0.005546,0.01664,*
M5vsM6_anom_24m,natural_breaks,Relative Mortality,NEPmax,High,26,-0.83866,65.4,0.01041,0.02839,*
M5vsM6_anom_24m,natural_breaks,Relative Mortality,WUE,High,26,-0.10404,61.5,0.02109,0.0517,ns
M5vsM6_anom_24m,natural_breaks,Relative Mortality,uWUE,High,26,-0.09796,61.5,0.0224,0.0517,ns
M5vsM6_anom_24m,natural_breaks,Relative Disturbance,ETmax,Low+Mid,88,-0.00138,53.4,0.04267,0.07471,ns
M5vsM6_anom_24m,natural_breaks,Relative Disturbance,GPPsat,Low+Mid,88,-0.89194,65.9,0.0001715,0.001253,**
M5vsM6_anom_24m,natural_breaks,Relative Disturbance,NEPmax,Low+Mid,88,-0.90711,64.8,0.0002314,0.001253,**
M5vsM6_anom_24m,natural_breaks,Relative Disturbance,WUE,Low+Mid,88,-0.05711,59.1,0.08781,0.1197,ns
M5vsM6_anom_24m,natural_breaks,Relative Disturbance,uWUE,Low+Mid,88,-0.02379,52.3,0.2213,0.2591,ns
M5vsM6_anom_24m,natural_breaks,Relative Disturbance,ETmax,High,24,0.00037,50,0.5057,0.5057,ns
M5vsM6_anom_24m,natural_breaks,Relative Disturbance,GPPsat,High,24,-0.96455,75,0.002915,0.01193,*
M5vsM6_anom_24m,natural_breaks,Relative Disturbance,NEPmax,High,24,-0.85463,70.8,0.00318,0.01193,*
M5vsM6_anom_24m,natural_breaks,Relative Disturbance,WUE,High,24,-0.09679,58.3,0.03267,0.07002,ns
M5vsM6_anom_24m,natural_breaks,Relative Disturbance,uWUE,High,24,-0.06227,58.3,0.04732,0.07471,ns
M7vsM8_raw_12m,tertiles,Absolute Mortality,ETmax,High,37,-0.00099,56.8,0.353,0.8923,ns
M7vsM8_raw_12m,tertiles,Absolute Mortality,GPPsat,High,37,-0.0552,51.4,0.7168,0.8923,ns
M7vsM8_raw_12m,tertiles,Absolute Mortality,NEPmax,High,37,0.13525,48.6,0.488,0.8923,ns
M7vsM8_raw_12m,tertiles,Absolute Mortality,WUE,High,37,-0.01023,59.5,0.1908,0.7216,ns
M7vsM8_raw_12m,tertiles,Absolute Mortality,uWUE,High,37,-0.01141,56.8,0.2033,0.7216,ns
M7vsM8_raw_12m,tertiles,Absolute Mortality,ETmax,Low+Mid,75,-0.00037,52,0.6011,0.8923,ns
M7vsM8_raw_12m,tertiles,Absolute Mortality,GPPsat,Low+Mid,75,-0.09521,57.3,0.1547,0.7216,ns
M7vsM8_raw_12m,tertiles,Absolute Mortality,NEPmax,Low+Mid,75,-0.1256,58.7,0.06651,0.4988,ns
M7vsM8_raw_12m,tertiles,Absolute Mortality,WUE,Low+Mid,75,0.01516,45.3,0.8702,0.9002,ns
M7vsM8_raw_12m,tertiles,Absolute Mortality,uWUE,Low+Mid,75,0.00129,48,0.7546,0.8923,ns
M7vsM8_raw_12m,tertiles,Relative Mortality,ETmax,High,37,0.00104,43.2,0.788,0.8923,ns
M7vsM8_raw_12m,tertiles,Relative Mortality,GPPsat,High,37,0.15047,40.5,0.9362,0.9362,ns
M7vsM8_raw_12m,tertiles,Relative Mortality,NEPmax,High,37,0.17496,43.2,0.8329,0.8923,ns
M7vsM8_raw_12m,tertiles,Relative Mortality,WUE,High,37,-0.00022,51.4,0.6186,0.8923,ns
M7vsM8_raw_12m,tertiles,Relative Mortality,uWUE,High,37,-0.00322,51.4,0.4105,0.8923,ns
M7vsM8_raw_12m,tertiles,Relative Mortality,ETmax,Low+Mid,75,-0.00079,58.7,0.2165,0.7216,ns
M7vsM8_raw_12m,tertiles,Relative Mortality,GPPsat,Low+Mid,75,-0.16137,62.7,0.03736,0.3736,ns
M7vsM8_raw_12m,tertiles,Relative Mortality,NEPmax,Low+Mid,75,-0.1518,61.3,0.01591,0.3736,ns
M7vsM8_raw_12m,tertiles,Relative Mortality,WUE,Low+Mid,75,0.00766,49.3,0.653,0.8923,ns
M7vsM8_raw_12m,tertiles,Relative Mortality,uWUE,Low+Mid,75,-0.00083,50.7,0.6313,0.8923,ns
M7vsM8_raw_12m,tertiles,Relative Disturbance,ETmax,High,37,0.00104,43.2,0.7319,0.8923,ns
M7vsM8_raw_12m,tertiles,Relative Disturbance,GPPsat,High,37,0.06405,43.2,0.8133,0.8923,ns
M7vsM8_raw_12m,tertiles,Relative Disturbance,NEPmax,High,37,0.17596,43.2,0.7013,0.8923,ns
M7vsM8_raw_12m,tertiles,Relative Disturbance,WUE,High,37,-0.00813,51.4,0.6357,0.8923,ns
M7vsM8_raw_12m,tertiles,Relative Disturbance,uWUE,High,37,-0.00322,51.4,0.4759,0.8923,ns
M7vsM8_raw_12m,tertiles,Relative Disturbance,ETmax,Low+Mid,75,-0.00079,58.7,0.2555,0.7664,ns
M7vsM8_raw_12m,tertiles,Relative Disturbance,GPPsat,Low+Mid,75,-0.11844,61.3,0.08696,0.5217,ns
M7vsM8_raw_12m,tertiles,Relative Disturbance,NEPmax,Low+Mid,75,-0.12173,61.3,0.02552,0.3736,ns
M7vsM8_raw_12m,tertiles,Relative Disturbance,WUE,Low+Mid,75,0.00037,49.3,0.6491,0.8923,ns
M7vsM8_raw_12m,tertiles,Relative Disturbance,uWUE,Low+Mid,75,-0.00083,50.7,0.5929,0.8923,ns
M7vsM8_raw_12m,equal_width,Absolute Mortality,ETmax,Low+Mid,106,-0.00067,54.7,0.3727,0.8601,ns
M7vsM8_raw_12m,equal_width,Absolute Mortality,GPPsat,Low+Mid,106,-0.07479,54.7,0.2885,0.7867,ns
M7vsM8_raw_12m,equal_width,Absolute Mortality,NEPmax,Low+Mid,106,-0.10932,54.7,0.169,0.5633,ns
M7vsM8_raw_12m,equal_width,Absolute Mortality,WUE,Low+Mid,106,0.00319,49.1,0.6728,0.9611,ns
M7vsM8_raw_12m,equal_width,Absolute Mortality,uWUE,Low+Mid,106,-0.00221,50.9,0.5464,0.9206,ns
M7vsM8_raw_12m,equal_width,Absolute Mortality,ETmax,High,6,0.00209,33.3,0.8527,0.9793,ns
M7vsM8_raw_12m,equal_width,Absolute Mortality,GPPsat,High,6,-0.25271,66.7,0.583,0.9206,ns
M7vsM8_raw_12m,equal_width,Absolute Mortality,NEPmax,High,6,-0.48088,66.7,0.1042,0.4258,ns
M7vsM8_raw_12m,equal_width,Absolute Mortality,WUE,High,6,-0.01158,66.7,0.5,0.9206,ns
M7vsM8_raw_12m,equal_width,Absolute Mortality,uWUE,High,6,0.00248,50,0.583,0.9206,ns
M7vsM8_raw_12m,equal_width,Relative Mortality,ETmax,Low+Mid,104,-0.00055,53.8,0.435,0.9206,ns
M7vsM8_raw_12m,equal_width,Relative Mortality,GPPsat,Low+Mid,104,-0.10863,57.7,0.1135,0.4258,ns
M7vsM8_raw_12m,equal_width,Relative Mortality,NEPmax,Low+Mid,104,-0.12366,58.7,0.03055,0.2292,ns
M7vsM8_raw_12m,equal_width,Relative Mortality,WUE,Low+Mid,104,0.00319,49,0.7667,0.9793,ns
M7vsM8_raw_12m,equal_width,Relative Mortality,uWUE,Low+Mid,104,0.00066,49,0.8089,0.9793,ns
M7vsM8_raw_12m,equal_width,Relative Mortality,ETmax,High,8,0.00137,50,0.4721,0.9206,ns
M7vsM8_raw_12m,equal_width,Relative Mortality,GPPsat,High,8,0.66842,25,0.9706,0.9793,ns
M7vsM8_raw_12m,equal_width,Relative Mortality,NEPmax,High,8,0.54142,12.5,0.9706,0.9793,ns
M7vsM8_raw_12m,equal_width,Relative Mortality,WUE,High,8,-0.02836,62.5,0.2643,0.7867,ns
M7vsM8_raw_12m,equal_width,Relative Mortality,uWUE,High,8,-0.05074,75,0.02116,0.2292,ns
M7vsM8_raw_12m,equal_width,Relative Disturbance,ETmax,Low+Mid,102,-0.00067,54.9,0.3382,0.8456,ns
M7vsM8_raw_12m,equal_width,Relative Disturbance,GPPsat,Low+Mid,102,-0.11877,58.8,0.1096,0.4258,ns
M7vsM8_raw_12m,equal_width,Relative Disturbance,NEPmax,Low+Mid,102,-0.12366,58.8,0.02875,0.2292,ns
M7vsM8_raw_12m,equal_width,Relative Disturbance,WUE,Low+Mid,102,0.00684,48,0.8327,0.9793,ns
M7vsM8_raw_12m,equal_width,Relative Disturbance,uWUE,Low+Mid,102,0.00213,48,0.8441,0.9793,ns
M7vsM8_raw_12m,equal_width,Relative Disturbance,ETmax,High,10,0.00333,40,0.6201,0.9302,ns
M7vsM8_raw_12m,equal_width,Relative Disturbance,GPPsat,High,10,0.23589,20,0.9793,0.9793,ns
M7vsM8_raw_12m,equal_width,Relative Disturbance,NEPmax,High,10,0.54142,20,0.9667,0.9793,ns
M7vsM8_raw_12m,equal_width,Relative Disturbance,WUE,High,10,-0.04316,70,0.1106,0.4258,ns
M7vsM8_raw_12m,equal_width,Relative Disturbance,uWUE,High,10,-0.04951,80,0.01247,0.2292,ns
M7vsM8_raw_12m,natural_breaks,Absolute Mortality,ETmax,High,29,-7e-04,55.2,0.3728,0.8604,ns
M7vsM8_raw_12m,natural_breaks,Absolute Mortality,GPPsat,High,29,-0.15426,55.2,0.594,0.8746,ns
M7vsM8_raw_12m,natural_breaks,Absolute Mortality,NEPmax,High,29,0.13911,44.8,0.594,0.8746,ns
M7vsM8_raw_12m,natural_breaks,Absolute Mortality,WUE,High,29,-0.00813,55.2,0.3019,0.8234,ns
M7vsM8_raw_12m,natural_breaks,Absolute Mortality,uWUE,High,29,-0.01736,65.5,0.07677,0.4606,ns
M7vsM8_raw_12m,natural_breaks,Absolute Mortality,ETmax,Low+Mid,83,-0.00038,53,0.5551,0.8746,ns
M7vsM8_raw_12m,natural_breaks,Absolute Mortality,GPPsat,Low+Mid,83,-0.07966,55.4,0.2387,0.7943,ns
M7vsM8_raw_12m,natural_breaks,Absolute Mortality,NEPmax,Low+Mid,83,-0.1518,59,0.06272,0.4606,ns
M7vsM8_raw_12m,natural_breaks,Absolute Mortality,WUE,Low+Mid,83,0.00766,48.2,0.795,0.8746,ns
M7vsM8_raw_12m,natural_breaks,Absolute Mortality,uWUE,Low+Mid,83,0.00473,45.8,0.8163,0.8746,ns
M7vsM8_raw_12m,natural_breaks,Relative Mortality,ETmax,Low+Mid,86,-0.00084,58.1,0.2648,0.7943,ns
M7vsM8_raw_12m,natural_breaks,Relative Mortality,GPPsat,Low+Mid,86,-0.10863,59.3,0.1131,0.5657,ns
M7vsM8_raw_12m,natural_breaks,Relative Mortality,NEPmax,Low+Mid,86,-0.11591,58.1,0.06425,0.4606,ns
M7vsM8_raw_12m,natural_breaks,Relative Mortality,WUE,Low+Mid,86,0.00319,48.8,0.7003,0.8746,ns
M7vsM8_raw_12m,natural_breaks,Relative Mortality,uWUE,Low+Mid,86,-0.00642,52.3,0.5565,0.8746,ns
M7vsM8_raw_12m,natural_breaks,Relative Mortality,ETmax,High,26,0.00146,38.5,0.7373,0.8746,ns
M7vsM8_raw_12m,natural_breaks,Relative Mortality,GPPsat,High,26,0.14421,42.3,0.8511,0.8805,ns
M7vsM8_raw_12m,natural_breaks,Relative Mortality,NEPmax,High,26,0.15511,46.2,0.61,0.8746,ns
M7vsM8_raw_12m,natural_breaks,Relative Mortality,WUE,High,26,-0.01158,53.8,0.5304,0.8746,ns
M7vsM8_raw_12m,natural_breaks,Relative Mortality,uWUE,High,26,0.00752,46.2,0.5203,0.8746,ns
M7vsM8_raw_12m,natural_breaks,Relative Disturbance,ETmax,Low+Mid,88,-0.00084,58,0.2535,0.7943,ns
M7vsM8_raw_12m,natural_breaks,Relative Disturbance,GPPsat,Low+Mid,88,-0.14529,61.4,0.05078,0.4606,ns
M7vsM8_raw_12m,natural_breaks,Relative Disturbance,NEPmax,Low+Mid,88,-0.1195,59.1,0.04343,0.4606,ns
M7vsM8_raw_12m,natural_breaks,Relative Disturbance,WUE,Low+Mid,88,0.00684,47.7,0.7824,0.8746,ns
M7vsM8_raw_12m,natural_breaks,Relative Disturbance,uWUE,Low+Mid,88,0.00066,48.9,0.7007,0.8746,ns
M7vsM8_raw_12m,natural_breaks,Relative Disturbance,ETmax,High,24,0.00146,37.5,0.8159,0.8746,ns
M7vsM8_raw_12m,natural_breaks,Relative Disturbance,GPPsat,High,24,0.17441,33.3,0.9795,0.9795,ns
M7vsM8_raw_12m,natural_breaks,Relative Disturbance,NEPmax,High,24,0.21463,41.7,0.784,0.8746,ns
M7vsM8_raw_12m,natural_breaks,Relative Disturbance,WUE,High,24,-0.01158,58.3,0.3393,0.8483,ns
M7vsM8_raw_12m,natural_breaks,Relative Disturbance,uWUE,High,24,-0.00917,58.3,0.251,0.7943,ns
M7vsM8_raw_24m,tertiles,Absolute Mortality,ETmax,High,37,-0.00043,59.5,0.304,0.7862,ns
M7vsM8_raw_24m,tertiles,Absolute Mortality,GPPsat,High,37,0.07832,40.5,0.8742,0.9417,ns
M7vsM8_raw_24m,tertiles,Absolute Mortality,NEPmax,High,37,-0.02503,51.4,0.5361,0.9162,ns
M7vsM8_raw_24m,tertiles,Absolute Mortality,WUE,High,37,-0.01391,62.2,0.2076,0.6968,ns
M7vsM8_raw_24m,tertiles,Absolute Mortality,uWUE,High,37,-0.0127,56.8,0.09467,0.5683,ns
M7vsM8_raw_24m,tertiles,Absolute Mortality,ETmax,Low+Mid,75,-0.00056,56,0.1716,0.6968,ns
M7vsM8_raw_24m,tertiles,Absolute Mortality,GPPsat,Low+Mid,75,-0.03411,53.3,0.2291,0.6968,ns
M7vsM8_raw_24m,tertiles,Absolute Mortality,NEPmax,Low+Mid,75,-0.00972,52,0.3145,0.7862,ns
M7vsM8_raw_24m,tertiles,Absolute Mortality,WUE,Low+Mid,75,0.00493,44,0.8016,0.9417,ns
M7vsM8_raw_24m,tertiles,Absolute Mortality,uWUE,Low+Mid,75,0.0045,45.3,0.8657,0.9417,ns
M7vsM8_raw_24m,tertiles,Relative Mortality,ETmax,High,37,-3e-05,51.4,0.8252,0.9417,ns
M7vsM8_raw_24m,tertiles,Relative Mortality,GPPsat,High,37,0.18347,37.8,0.9324,0.9417,ns
M7vsM8_raw_24m,tertiles,Relative Mortality,NEPmax,High,37,0.20537,40.5,0.9417,0.9417,ns
M7vsM8_raw_24m,tertiles,Relative Mortality,WUE,High,37,-0.00348,56.8,0.4579,0.896,ns
M7vsM8_raw_24m,tertiles,Relative Mortality,uWUE,High,37,0.00186,48.6,0.4341,0.896,ns
M7vsM8_raw_24m,tertiles,Relative Mortality,ETmax,Low+Mid,75,-0.00078,60,0.03172,0.3911,ns
M7vsM8_raw_24m,tertiles,Relative Mortality,GPPsat,Low+Mid,75,-0.0362,54.7,0.1461,0.6968,ns
M7vsM8_raw_24m,tertiles,Relative Mortality,NEPmax,Low+Mid,75,-0.09503,57.3,0.03911,0.3911,ns
M7vsM8_raw_24m,tertiles,Relative Mortality,WUE,Low+Mid,75,0.00324,46.7,0.5826,0.9162,ns
M7vsM8_raw_24m,tertiles,Relative Mortality,uWUE,Low+Mid,75,5e-05,49.3,0.5949,0.9162,ns
M7vsM8_raw_24m,tertiles,Relative Disturbance,ETmax,High,37,0.00052,45.9,0.9028,0.9417,ns
M7vsM8_raw_24m,tertiles,Relative Disturbance,GPPsat,High,37,0.13713,43.2,0.8511,0.9417,ns
M7vsM8_raw_24m,tertiles,Relative Disturbance,NEPmax,High,37,0.18891,43.2,0.788,0.9417,ns
M7vsM8_raw_24m,tertiles,Relative Disturbance,WUE,High,37,0.00189,48.6,0.6414,0.9162,ns
M7vsM8_raw_24m,tertiles,Relative Disturbance,uWUE,High,37,0.00428,45.9,0.6186,0.9162,ns
M7vsM8_raw_24m,tertiles,Relative Disturbance,ETmax,Low+Mid,75,-0.00091,62.7,0.02143,0.3911,ns
M7vsM8_raw_24m,tertiles,Relative Disturbance,GPPsat,Low+Mid,75,-0.03411,52,0.2323,0.6968,ns
M7vsM8_raw_24m,tertiles,Relative Disturbance,NEPmax,Low+Mid,75,-0.08875,56,0.09472,0.5683,ns
M7vsM8_raw_24m,tertiles,Relative Disturbance,WUE,Low+Mid,75,-0.00048,50.7,0.459,0.896,ns
M7vsM8_raw_24m,tertiles,Relative Disturbance,uWUE,Low+Mid,75,-0.00123,50.7,0.4779,0.896,ns
M7vsM8_raw_24m,equal_width,Absolute Mortality,ETmax,Low+Mid,106,-0.00052,57.5,0.1256,0.7341,ns
M7vsM8_raw_24m,equal_width,Absolute Mortality,GPPsat,Low+Mid,106,0.01588,49.1,0.4862,0.8791,ns
M7vsM8_raw_24m,equal_width,Absolute Mortality,NEPmax,Low+Mid,106,0.02165,50,0.4962,0.8791,ns
M7vsM8_raw_24m,equal_width,Absolute Mortality,WUE,Low+Mid,106,-0.00141,50.9,0.4761,0.8791,ns
M7vsM8_raw_24m,equal_width,Absolute Mortality,uWUE,Low+Mid,106,0.00095,49.1,0.5799,0.8791,ns
M7vsM8_raw_24m,equal_width,Absolute Mortality,ETmax,High,6,0.00032,50,0.583,0.8791,ns
M7vsM8_raw_24m,equal_width,Absolute Mortality,GPPsat,High,6,0.13805,50,0.7992,0.8791,ns
M7vsM8_raw_24m,equal_width,Absolute Mortality,NEPmax,High,6,-0.35696,83.3,0.1042,0.7341,ns
M7vsM8_raw_24m,equal_width,Absolute Mortality,WUE,High,6,0.03661,33.3,0.7992,0.8791,ns
M7vsM8_raw_24m,equal_width,Absolute Mortality,uWUE,High,6,-0.00421,50,0.5,0.8791,ns
M7vsM8_raw_24m,equal_width,Relative Mortality,ETmax,Low+Mid,104,-0.00052,56.7,0.1068,0.7341,ns
M7vsM8_raw_24m,equal_width,Relative Mortality,GPPsat,Low+Mid,104,-0.03087,51.9,0.2969,0.8322,ns
M7vsM8_raw_24m,equal_width,Relative Mortality,NEPmax,Low+Mid,104,-0.06776,53.8,0.2264,0.8322,ns
M7vsM8_raw_24m,equal_width,Relative Mortality,WUE,Low+Mid,104,0.00172,49,0.5967,0.8791,ns
M7vsM8_raw_24m,equal_width,Relative Mortality,uWUE,Low+Mid,104,0.00241,47.1,0.7165,0.8791,ns
M7vsM8_raw_24m,equal_width,Relative Mortality,ETmax,High,8,-5e-05,62.5,0.5832,0.8791,ns
M7vsM8_raw_24m,equal_width,Relative Mortality,GPPsat,High,8,0.43307,12.5,0.9706,0.9838,ns
M7vsM8_raw_24m,equal_width,Relative Mortality,NEPmax,High,8,0.24733,25,0.8186,0.8791,ns
M7vsM8_raw_24m,equal_width,Relative Mortality,WUE,High,8,-0.03061,62.5,0.4168,0.8791,ns
M7vsM8_raw_24m,equal_width,Relative Mortality,uWUE,High,8,-0.03006,75,0.1468,0.7341,ns
M7vsM8_raw_24m,equal_width,Relative Disturbance,ETmax,Low+Mid,102,-0.00056,57.8,0.07094,0.7341,ns
M7vsM8_raw_24m,equal_width,Relative Disturbance,GPPsat,Low+Mid,102,-0.03516,52.9,0.2511,0.8322,ns
M7vsM8_raw_24m,equal_width,Relative Disturbance,NEPmax,Low+Mid,102,-0.06776,53.9,0.2263,0.8322,ns
M7vsM8_raw_24m,equal_width,Relative Disturbance,WUE,Low+Mid,102,0.00172,49,0.632,0.8791,ns
M7vsM8_raw_24m,equal_width,Relative Disturbance,uWUE,Low+Mid,102,0.00355,47.1,0.7457,0.8791,ns
M7vsM8_raw_24m,equal_width,Relative Disturbance,ETmax,High,10,0.00096,50,0.8205,0.8791,ns
M7vsM8_raw_24m,equal_width,Relative Disturbance,GPPsat,High,10,0.34225,10,0.9838,0.9838,ns
M7vsM8_raw_24m,equal_width,Relative Disturbance,NEPmax,High,10,0.24733,30,0.7926,0.8791,ns
M7vsM8_raw_24m,equal_width,Relative Disturbance,WUE,High,10,-0.03061,60,0.3051,0.8322,ns
M7vsM8_raw_24m,equal_width,Relative Disturbance,uWUE,High,10,-0.03006,70,0.1106,0.7341,ns
M7vsM8_raw_24m,natural_breaks,Absolute Mortality,ETmax,High,29,-0.00032,55.2,0.5172,0.7755,ns
M7vsM8_raw_24m,natural_breaks,Absolute Mortality,GPPsat,High,29,0.067,44.8,0.8065,0.8961,ns
M7vsM8_raw_24m,natural_breaks,Absolute Mortality,NEPmax,High,29,-0.0853,55.2,0.406,0.7755,ns
M7vsM8_raw_24m,natural_breaks,Absolute Mortality,WUE,High,29,-0.00348,55.2,0.5345,0.7755,ns
M7vsM8_raw_24m,natural_breaks,Absolute Mortality,uWUE,High,29,-0.0127,55.2,0.2056,0.7755,ns
M7vsM8_raw_24m,natural_breaks,Absolute Mortality,ETmax,Low+Mid,83,-0.00057,57.8,0.1149,0.7755,ns
M7vsM8_raw_24m,natural_breaks,Absolute Mortality,GPPsat,Low+Mid,83,-0.0276,50.6,0.3456,0.7755,ns
M7vsM8_raw_24m,natural_breaks,Absolute Mortality,NEPmax,Low+Mid,83,-0.00461,50.6,0.4023,0.7755,ns
M7vsM8_raw_24m,natural_breaks,Absolute Mortality,WUE,Low+Mid,83,0.00189,48.2,0.5479,0.7755,ns
M7vsM8_raw_24m,natural_breaks,Absolute Mortality,uWUE,Low+Mid,83,0.00202,47,0.7599,0.8768,ns
M7vsM8_raw_24m,natural_breaks,Relative Mortality,ETmax,Low+Mid,86,-0.00061,57,0.1005,0.7755,ns
M7vsM8_raw_24m,natural_breaks,Relative Mortality,GPPsat,Low+Mid,86,-0.03087,52.3,0.2863,0.7755,ns
M7vsM8_raw_24m,natural_breaks,Relative Mortality,NEPmax,Low+Mid,86,-0.01737,52.3,0.24,0.7755,ns
M7vsM8_raw_24m,natural_breaks,Relative Mortality,WUE,Low+Mid,86,-0.00141,51.2,0.4863,0.7755,ns
M7vsM8_raw_24m,natural_breaks,Relative Mortality,uWUE,Low+Mid,86,-0.00059,50,0.5377,0.7755,ns
M7vsM8_raw_24m,natural_breaks,Relative Mortality,ETmax,High,26,-0.00025,57.7,0.5706,0.7755,ns
M7vsM8_raw_24m,natural_breaks,Relative Mortality,GPPsat,High,26,0.16697,38.5,0.8569,0.9182,ns
M7vsM8_raw_24m,natural_breaks,Relative Mortality,NEPmax,High,26,0.01416,50,0.6484,0.7781,ns
M7vsM8_raw_24m,natural_breaks,Relative Mortality,WUE,High,26,0.01463,46.2,0.5706,0.7755,ns
M7vsM8_raw_24m,natural_breaks,Relative Mortality,uWUE,High,26,0.00307,46.2,0.5505,0.7755,ns
M7vsM8_raw_24m,natural_breaks,Relative Disturbance,ETmax,Low+Mid,88,-0.00084,60.2,0.04009,0.7755,ns
M7vsM8_raw_24m,natural_breaks,Relative Disturbance,GPPsat,Low+Mid,88,-0.04205,54.5,0.1142,0.7755,ns
M7vsM8_raw_24m,natural_breaks,Relative Disturbance,NEPmax,Low+Mid,88,-0.046,53.4,0.2213,0.7755,ns
M7vsM8_raw_24m,natural_breaks,Relative Disturbance,WUE,Low+Mid,88,-0.00141,51.1,0.5702,0.7755,ns
M7vsM8_raw_24m,natural_breaks,Relative Disturbance,uWUE,Low+Mid,88,-0.00059,50,0.5945,0.7755,ns
M7vsM8_raw_24m,natural_breaks,Relative Disturbance,ETmax,High,24,0.00061,45.8,0.8982,0.9292,ns
M7vsM8_raw_24m,natural_breaks,Relative Disturbance,GPPsat,High,24,0.27809,29.2,0.9915,0.9915,ns
M7vsM8_raw_24m,natural_breaks,Relative Disturbance,NEPmax,High,24,0.15112,45.8,0.6395,0.7781,ns
M7vsM8_raw_24m,natural_breaks,Relative Disturbance,WUE,High,24,0.00818,45.8,0.4602,0.7755,ns
M7vsM8_raw_24m,natural_breaks,Relative Disturbance,uWUE,High,24,0.00307,45.8,0.4943,0.7755,ns
M7vsM8_anom_12m,tertiles,Absolute Mortality,ETmax,High,37,0.00143,43.2,0.8646,0.8646,ns
M7vsM8_anom_12m,tertiles,Absolute Mortality,GPPsat,High,37,-0.99685,67.6,0.003963,0.01321,*
M7vsM8_anom_12m,tertiles,Absolute Mortality,NEPmax,High,37,-0.74671,67.6,0.01049,0.03148,*
M7vsM8_anom_12m,tertiles,Absolute Mortality,WUE,High,37,0.01291,48.6,0.4639,0.5492,ns
M7vsM8_anom_12m,tertiles,Absolute Mortality,uWUE,High,37,-0.00505,54.1,0.5895,0.655,ns
M7vsM8_anom_12m,tertiles,Absolute Mortality,ETmax,Low+Mid,75,-0.00013,53.3,0.1969,0.3109,ns
M7vsM8_anom_12m,tertiles,Absolute Mortality,GPPsat,Low+Mid,75,-0.68043,66.7,0.0002687,0.002778,**
M7vsM8_anom_12m,tertiles,Absolute Mortality,NEPmax,Low+Mid,75,-0.80305,66.7,0.0005156,0.002778,**
M7vsM8_anom_12m,tertiles,Absolute Mortality,WUE,Low+Mid,75,-0.03392,53.3,0.06449,0.129,ns
M7vsM8_anom_12m,tertiles,Absolute Mortality,uWUE,Low+Mid,75,-0.02132,56,0.04528,0.1045,ns
M7vsM8_anom_12m,tertiles,Relative Mortality,ETmax,High,37,0.00167,48.6,0.8252,0.8537,ns
M7vsM8_anom_12m,tertiles,Relative Mortality,GPPsat,High,37,-0.68043,70.3,0.001713,0.00734,**
M7vsM8_anom_12m,tertiles,Relative Mortality,NEPmax,High,37,-0.57591,64.9,0.01435,0.03914,*
M7vsM8_anom_12m,tertiles,Relative Mortality,WUE,High,37,0.01558,45.9,0.4699,0.5492,ns
M7vsM8_anom_12m,tertiles,Relative Mortality,uWUE,High,37,-0.01934,56.8,0.3364,0.4387,ns
M7vsM8_anom_12m,tertiles,Relative Mortality,ETmax,Low+Mid,75,-3e-05,50.7,0.2538,0.3806,ns
M7vsM8_anom_12m,tertiles,Relative Mortality,GPPsat,Low+Mid,75,-0.74559,65.3,0.000452,0.002778,**
M7vsM8_anom_12m,tertiles,Relative Mortality,NEPmax,Low+Mid,75,-0.85608,68,0.0003141,0.002778,**
M7vsM8_anom_12m,tertiles,Relative Mortality,WUE,Low+Mid,75,-0.03392,54.7,0.07141,0.1339,ns
M7vsM8_anom_12m,tertiles,Relative Mortality,uWUE,Low+Mid,75,-0.01957,54.7,0.1128,0.199,ns
M7vsM8_anom_12m,tertiles,Relative Disturbance,ETmax,High,37,0.00167,48.6,0.788,0.8443,ns
M7vsM8_anom_12m,tertiles,Relative Disturbance,GPPsat,High,37,-0.79085,70.3,0.001979,0.007421,**
M7vsM8_anom_12m,tertiles,Relative Disturbance,NEPmax,High,37,-0.57591,62.2,0.0201,0.05024,ns
M7vsM8_anom_12m,tertiles,Relative Disturbance,WUE,High,37,0.02203,43.2,0.4759,0.5492,ns
M7vsM8_anom_12m,tertiles,Relative Disturbance,uWUE,High,37,-0.01934,56.8,0.304,0.4145,ns
M7vsM8_anom_12m,tertiles,Relative Disturbance,ETmax,Low+Mid,75,-3e-05,50.7,0.271,0.3871,ns
M7vsM8_anom_12m,tertiles,Relative Disturbance,GPPsat,Low+Mid,75,-0.71515,65.3,0.0005556,0.002778,**
M7vsM8_anom_12m,tertiles,Relative Disturbance,NEPmax,Low+Mid,75,-0.85608,69.3,0.0001769,0.002778,**
M7vsM8_anom_12m,tertiles,Relative Disturbance,WUE,Low+Mid,75,-0.03487,56,0.05054,0.1083,ns
M7vsM8_anom_12m,tertiles,Relative Disturbance,uWUE,Low+Mid,75,-0.01957,54.7,0.1243,0.2072,ns
M7vsM8_anom_12m,equal_width,Absolute Mortality,ETmax,Low+Mid,106,-0.00012,51.9,0.2704,0.427,ns
M7vsM8_anom_12m,equal_width,Absolute Mortality,GPPsat,Low+Mid,106,-0.67144,65.1,7.2e-05,0.000432,***
M7vsM8_anom_12m,equal_width,Absolute Mortality,NEPmax,Low+Mid,106,-0.73068,65.1,0.0002004,0.001002,**
M7vsM8_anom_12m,equal_width,Absolute Mortality,WUE,Low+Mid,106,-0.02915,52.8,0.07181,0.2304,ns
M7vsM8_anom_12m,equal_width,Absolute Mortality,uWUE,Low+Mid,106,-0.01946,55.7,0.1031,0.2813,ns
M7vsM8_anom_12m,equal_width,Absolute Mortality,ETmax,High,6,0.00725,16.7,0.982,0.982,ns
M7vsM8_anom_12m,equal_width,Absolute Mortality,GPPsat,High,6,-2.91388,100,0.01802,0.06756,ns
M7vsM8_anom_12m,equal_width,Absolute Mortality,NEPmax,High,6,-2.66584,100,0.01802,0.06756,ns
M7vsM8_anom_12m,equal_width,Absolute Mortality,WUE,High,6,0.12214,33.3,0.6625,0.7644,ns
M7vsM8_anom_12m,equal_width,Absolute Mortality,uWUE,High,6,0.00145,50,0.583,0.6996,ns
M7vsM8_anom_12m,equal_width,Relative Mortality,ETmax,Low+Mid,104,-0.00012,51.9,0.3637,0.4959,ns
M7vsM8_anom_12m,equal_width,Relative Mortality,GPPsat,Low+Mid,104,-0.81974,69.2,2.545e-06,5.345e-05,***
M7vsM8_anom_12m,equal_width,Relative Mortality,NEPmax,Low+Mid,104,-0.82956,69.2,1.645e-05,0.0001645,***
M7vsM8_anom_12m,equal_width,Relative Mortality,WUE,Low+Mid,104,-0.02349,51.9,0.1376,0.344,ns
M7vsM8_anom_12m,equal_width,Relative Mortality,uWUE,Low+Mid,104,-0.01946,53.8,0.1641,0.3461,ns
M7vsM8_anom_12m,equal_width,Relative Mortality,ETmax,High,8,0.00299,25,0.8186,0.8771,ns
M7vsM8_anom_12m,equal_width,Relative Mortality,GPPsat,High,8,0.29418,37.5,0.688,0.7644,ns
M7vsM8_anom_12m,equal_width,Relative Mortality,NEPmax,High,8,0.44287,37.5,0.4721,0.6158,ns
M7vsM8_anom_12m,equal_width,Relative Mortality,WUE,High,8,-0.08481,50,0.312,0.4458,ns
M7vsM8_anom_12m,equal_width,Relative Mortality,uWUE,High,8,-0.08562,75,0.1814,0.3461,ns
M7vsM8_anom_12m,equal_width,Relative Disturbance,ETmax,Low+Mid,102,-0.00018,52.9,0.292,0.438,ns
M7vsM8_anom_12m,equal_width,Relative Disturbance,GPPsat,Low+Mid,102,-0.81974,69.6,3.564e-06,5.345e-05,***
M7vsM8_anom_12m,equal_width,Relative Disturbance,NEPmax,Low+Mid,102,-0.82956,68.6,2.962e-05,0.0002221,***
M7vsM8_anom_12m,equal_width,Relative Disturbance,WUE,Low+Mid,102,-0.01777,51,0.1846,0.3461,ns
M7vsM8_anom_12m,equal_width,Relative Disturbance,uWUE,Low+Mid,102,-0.01607,52.9,0.2385,0.3976,ns
M7vsM8_anom_12m,equal_width,Relative Disturbance,ETmax,High,10,0.0032,20,0.8894,0.92,ns
M7vsM8_anom_12m,equal_width,Relative Disturbance,GPPsat,High,10,0.21867,40,0.5406,0.6757,ns
M7vsM8_anom_12m,equal_width,Relative Disturbance,NEPmax,High,10,-0.24045,50,0.2378,0.3976,ns
M7vsM8_anom_12m,equal_width,Relative Disturbance,WUE,High,10,-0.15648,60,0.154,0.3461,ns
M7vsM8_anom_12m,equal_width,Relative Disturbance,uWUE,High,10,-0.17902,80,0.07679,0.2304,ns
M7vsM8_anom_12m,natural_breaks,Absolute Mortality,ETmax,High,29,0.00157,48.3,0.8503,0.9109,ns
M7vsM8_anom_12m,natural_breaks,Absolute Mortality,GPPsat,High,29,-1.18857,69,0.004443,0.01666,*
M7vsM8_anom_12m,natural_breaks,Absolute Mortality,NEPmax,High,29,-0.74671,69,0.0153,0.04161,*
M7vsM8_anom_12m,natural_breaks,Absolute Mortality,WUE,High,29,0.0803,44.8,0.6434,0.7424,ns
M7vsM8_anom_12m,natural_breaks,Absolute Mortality,uWUE,High,29,-0.00268,51.7,0.7056,0.784,ns
M7vsM8_anom_12m,natural_breaks,Absolute Mortality,ETmax,Low+Mid,83,-3e-05,50.6,0.2544,0.318,ns
M7vsM8_anom_12m,natural_breaks,Absolute Mortality,GPPsat,Low+Mid,83,-0.66246,66.3,0.0002918,0.001872,**
M7vsM8_anom_12m,natural_breaks,Absolute Mortality,NEPmax,Low+Mid,83,-0.80305,66.3,0.000312,0.001872,**
M7vsM8_anom_12m,natural_breaks,Absolute Mortality,WUE,Low+Mid,83,-0.03392,54.2,0.03926,0.09061,ns
M7vsM8_anom_12m,natural_breaks,Absolute Mortality,uWUE,Low+Mid,83,-0.02722,56.6,0.04411,0.09453,ns
M7vsM8_anom_12m,natural_breaks,Relative Mortality,ETmax,Low+Mid,86,-0.00012,52.3,0.2141,0.318,ns
M7vsM8_anom_12m,natural_breaks,Relative Mortality,GPPsat,Low+Mid,86,-0.73037,65.1,0.0002724,0.001872,**
M7vsM8_anom_12m,natural_breaks,Relative Mortality,NEPmax,Low+Mid,86,-0.77096,66.3,0.0004643,0.002321,**
M7vsM8_anom_12m,natural_breaks,Relative Mortality,WUE,Low+Mid,86,-0.02915,53.5,0.1051,0.1855,ns
M7vsM8_anom_12m,natural_breaks,Relative Mortality,uWUE,Low+Mid,86,-0.01203,52.3,0.2295,0.318,ns
M7vsM8_anom_12m,natural_breaks,Relative Mortality,ETmax,High,26,0.0021,42.3,0.9109,0.9109,ns
M7vsM8_anom_12m,natural_breaks,Relative Mortality,GPPsat,High,26,-0.73564,73.1,0.002605,0.01116,*
M7vsM8_anom_12m,natural_breaks,Relative Mortality,NEPmax,High,26,-1.06178,69.2,0.005962,0.01987,*
M7vsM8_anom_12m,natural_breaks,Relative Mortality,WUE,High,26,0.01425,46.2,0.3422,0.4107,ns
M7vsM8_anom_12m,natural_breaks,Relative Mortality,uWUE,High,26,-0.04323,65.4,0.08914,0.1671,ns
M7vsM8_anom_12m,natural_breaks,Relative Disturbance,ETmax,Low+Mid,88,-7e-05,51.1,0.2416,0.318,ns
M7vsM8_anom_12m,natural_breaks,Relative Disturbance,GPPsat,Low+Mid,88,-0.73037,65.9,0.0001109,0.001872,**
M7vsM8_anom_12m,natural_breaks,Relative Disturbance,NEPmax,Low+Mid,88,-0.82956,67,0.0002745,0.001872,**
M7vsM8_anom_12m,natural_breaks,Relative Disturbance,WUE,Low+Mid,88,-0.01777,51.1,0.1656,0.2761,ns
M7vsM8_anom_12m,natural_breaks,Relative Disturbance,uWUE,Low+Mid,88,-0.01203,52.3,0.2508,0.318,ns
M7vsM8_anom_12m,natural_breaks,Relative Disturbance,ETmax,High,24,0.0021,45.8,0.908,0.9109,ns
M7vsM8_anom_12m,natural_breaks,Relative Disturbance,GPPsat,High,24,-0.73564,70.8,0.009208,0.02762,*
M7vsM8_anom_12m,natural_breaks,Relative Disturbance,NEPmax,High,24,-0.66131,66.7,0.01664,0.04161,*
M7vsM8_anom_12m,natural_breaks,Relative Disturbance,WUE,High,24,-0.05106,54.2,0.1841,0.2906,ns
M7vsM8_anom_12m,natural_breaks,Relative Disturbance,uWUE,High,24,-0.04907,66.7,0.07453,0.1491,ns
M7vsM8_anom_24m,tertiles,Absolute Mortality,ETmax,High,37,0.00067,45.9,0.7561,0.7822,ns
M7vsM8_anom_24m,tertiles,Absolute Mortality,GPPsat,High,37,-0.76327,67.6,0.0093,0.031,*
M7vsM8_anom_24m,tertiles,Absolute Mortality,NEPmax,High,37,-0.54972,62.2,0.01136,0.03409,*
M7vsM8_anom_24m,tertiles,Absolute Mortality,WUE,High,37,0.01584,48.6,0.4164,0.4804,ns
M7vsM8_anom_24m,tertiles,Absolute Mortality,uWUE,High,37,0.0128,48.6,0.488,0.5422,ns
M7vsM8_anom_24m,tertiles,Absolute Mortality,ETmax,Low+Mid,75,-7e-05,52,0.1343,0.2015,ns
M7vsM8_anom_24m,tertiles,Absolute Mortality,GPPsat,Low+Mid,75,-0.6217,66.7,0.001295,0.009715,**
M7vsM8_anom_24m,tertiles,Absolute Mortality,NEPmax,Low+Mid,75,-0.66195,68,0.0007192,0.007192,**
M7vsM8_anom_24m,tertiles,Absolute Mortality,WUE,Low+Mid,75,-0.02903,54.7,0.07141,0.1339,ns
M7vsM8_anom_24m,tertiles,Absolute Mortality,uWUE,Low+Mid,75,-0.02367,56,0.02089,0.0517,ns
M7vsM8_anom_24m,tertiles,Relative Mortality,ETmax,High,37,0.00034,45.9,0.8133,0.8133,ns
M7vsM8_anom_24m,tertiles,Relative Mortality,GPPsat,High,37,-0.64283,70.3,0.004732,0.02028,*
M7vsM8_anom_24m,tertiles,Relative Mortality,NEPmax,High,37,-0.66195,59.5,0.01435,0.03914,*
M7vsM8_anom_24m,tertiles,Relative Mortality,WUE,High,37,0.02673,45.9,0.3364,0.4036,ns
M7vsM8_anom_24m,tertiles,Relative Mortality,uWUE,High,37,0.0128,48.6,0.3364,0.4036,ns
M7vsM8_anom_24m,tertiles,Relative Mortality,ETmax,Low+Mid,75,-7e-05,52,0.1068,0.1687,ns
M7vsM8_anom_24m,tertiles,Relative Mortality,GPPsat,Low+Mid,75,-0.66227,65.3,0.002194,0.01097,*
M7vsM8_anom_24m,tertiles,Relative Mortality,NEPmax,Low+Mid,75,-0.59315,69.3,0.0005556,0.007192,**
M7vsM8_anom_24m,tertiles,Relative Mortality,WUE,Low+Mid,75,-0.02903,56,0.09834,0.1639,ns
M7vsM8_anom_24m,tertiles,Relative Mortality,uWUE,Low+Mid,75,-0.01882,56,0.04681,0.1003,ns
M7vsM8_anom_24m,tertiles,Relative Disturbance,ETmax,High,37,0.00023,48.6,0.7219,0.7734,ns
M7vsM8_anom_24m,tertiles,Relative Disturbance,GPPsat,High,37,-0.96776,67.6,0.006134,0.023,*
M7vsM8_anom_24m,tertiles,Relative Disturbance,NEPmax,High,37,-0.54203,56.8,0.0224,0.0517,ns
M7vsM8_anom_24m,tertiles,Relative Disturbance,WUE,High,37,0.04061,45.9,0.2935,0.3829,ns
M7vsM8_anom_24m,tertiles,Relative Disturbance,uWUE,High,37,0.0128,48.6,0.2299,0.3135,ns
M7vsM8_anom_24m,tertiles,Relative Disturbance,ETmax,Low+Mid,75,0,50.7,0.1425,0.2035,ns
M7vsM8_anom_24m,tertiles,Relative Disturbance,GPPsat,Low+Mid,75,-0.53341,66.7,0.001887,0.01097,*
M7vsM8_anom_24m,tertiles,Relative Disturbance,NEPmax,Low+Mid,75,-0.66195,70.7,0.0002635,0.007192,**
M7vsM8_anom_24m,tertiles,Relative Disturbance,WUE,Low+Mid,75,-0.02903,56,0.09384,0.1639,ns
M7vsM8_anom_24m,tertiles,Relative Disturbance,uWUE,Low+Mid,75,-0.01882,56,0.06317,0.1263,ns
M7vsM8_anom_24m,equal_width,Absolute Mortality,ETmax,Low+Mid,106,-4e-05,50.9,0.1779,0.3139,ns
M7vsM8_anom_24m,equal_width,Absolute Mortality,GPPsat,Low+Mid,106,-0.57755,66,0.000381,0.001905,**
M7vsM8_anom_24m,equal_width,Absolute Mortality,NEPmax,Low+Mid,106,-0.52764,64.2,0.0003097,0.001858,**
M7vsM8_anom_24m,equal_width,Absolute Mortality,WUE,Low+Mid,106,-0.02819,53.8,0.07577,0.1894,ns
M7vsM8_anom_24m,equal_width,Absolute Mortality,uWUE,Low+Mid,106,-0.01877,53.8,0.04039,0.1346,ns
M7vsM8_anom_24m,equal_width,Absolute Mortality,ETmax,High,6,0.00495,33.3,0.9533,0.9533,ns
M7vsM8_anom_24m,equal_width,Absolute Mortality,GPPsat,High,6,-2.50772,83.3,0.02959,0.1109,ns
M7vsM8_anom_24m,equal_width,Absolute Mortality,NEPmax,High,6,-2.20397,100,0.01802,0.07721,ns
M7vsM8_anom_24m,equal_width,Absolute Mortality,WUE,High,6,0.07417,33.3,0.7353,0.7882,ns
M7vsM8_anom_24m,equal_width,Absolute Mortality,uWUE,High,6,-0.00257,50,0.5,0.625,ns
M7vsM8_anom_24m,equal_width,Relative Mortality,ETmax,Low+Mid,104,1e-05,50,0.2557,0.3835,ns
M7vsM8_anom_24m,equal_width,Relative Mortality,GPPsat,Low+Mid,104,-0.7788,69.2,2.273e-05,0.0003334,***
M7vsM8_anom_24m,equal_width,Relative Mortality,NEPmax,Low+Mid,104,-0.70253,69.2,2.305e-05,0.0003334,***
M7vsM8_anom_24m,equal_width,Relative Mortality,WUE,Low+Mid,104,-0.01159,51.9,0.1633,0.3062,ns
M7vsM8_anom_24m,equal_width,Relative Mortality,uWUE,Low+Mid,104,-0.01877,53.8,0.06982,0.1894,ns
M7vsM8_anom_24m,equal_width,Relative Mortality,ETmax,High,8,-0.00035,50,0.6369,0.7642,ns
M7vsM8_anom_24m,equal_width,Relative Mortality,GPPsat,High,8,0.72567,37.5,0.688,0.7882,ns
M7vsM8_anom_24m,equal_width,Relative Mortality,NEPmax,High,8,0.20287,25,0.7357,0.7882,ns
M7vsM8_anom_24m,equal_width,Relative Mortality,WUE,High,8,-0.1545,62.5,0.1468,0.2936,ns
M7vsM8_anom_24m,equal_width,Relative Mortality,uWUE,High,8,-0.11439,50,0.312,0.4458,ns
M7vsM8_anom_24m,equal_width,Relative Disturbance,ETmax,Low+Mid,102,-4e-05,51,0.2164,0.3463,ns
M7vsM8_anom_24m,equal_width,Relative Disturbance,GPPsat,Low+Mid,102,-0.7788,68.6,3.607e-05,0.0003334,***
M7vsM8_anom_24m,equal_width,Relative Disturbance,NEPmax,Low+Mid,102,-0.66458,68.6,4.445e-05,0.0003334,***
M7vsM8_anom_24m,equal_width,Relative Disturbance,WUE,Low+Mid,102,-0.00331,51,0.2193,0.3463,ns
M7vsM8_anom_24m,equal_width,Relative Disturbance,uWUE,Low+Mid,102,-0.01631,52.9,0.1154,0.2663,ns
M7vsM8_anom_24m,equal_width,Relative Disturbance,ETmax,High,10,0.00122,40,0.7926,0.8199,ns
M7vsM8_anom_24m,equal_width,Relative Disturbance,GPPsat,High,10,0.25403,50,0.4594,0.5992,ns
M7vsM8_anom_24m,equal_width,Relative Disturbance,NEPmax,High,10,0.10908,40,0.3799,0.518,ns
M7vsM8_anom_24m,equal_width,Relative Disturbance,WUE,High,10,-0.20692,70,0.06314,0.1894,ns
M7vsM8_anom_24m,equal_width,Relative Disturbance,uWUE,High,10,-0.27722,60,0.1311,0.2809,ns
M7vsM8_anom_24m,natural_breaks,Absolute Mortality,ETmax,High,29,0.00023,48.3,0.8065,0.8641,ns
M7vsM8_anom_24m,natural_breaks,Absolute Mortality,GPPsat,High,29,-0.79844,69,0.01034,0.0347,*
M7vsM8_anom_24m,natural_breaks,Absolute Mortality,NEPmax,High,29,-0.79321,62.1,0.01615,0.04404,*
M7vsM8_anom_24m,natural_breaks,Absolute Mortality,WUE,High,29,0.05843,44.8,0.4828,0.557,ns
M7vsM8_anom_24m,natural_breaks,Absolute Mortality,uWUE,High,29,0.01811,41.4,0.713,0.7922,ns
M7vsM8_anom_24m,natural_breaks,Absolute Mortality,ETmax,Low+Mid,83,0,50.6,0.1384,0.1978,ns
M7vsM8_anom_24m,natural_breaks,Absolute Mortality,GPPsat,Low+Mid,83,-0.53341,66.3,0.001184,0.005922,**
M7vsM8_anom_24m,natural_breaks,Absolute Mortality,NEPmax,Low+Mid,83,-0.59315,67.5,0.0004269,0.005922,**
M7vsM8_anom_24m,natural_breaks,Absolute Mortality,WUE,Low+Mid,83,-0.02903,55.4,0.06272,0.1254,ns
M7vsM8_anom_24m,natural_breaks,Absolute Mortality,uWUE,Low+Mid,83,-0.03954,57.8,0.0136,0.04079,*
M7vsM8_anom_24m,natural_breaks,Relative Mortality,ETmax,Low+Mid,86,-4e-05,51.2,0.1287,0.1931,ns
M7vsM8_anom_24m,natural_breaks,Relative Mortality,GPPsat,Low+Mid,86,-0.65255,66.3,0.00101,0.005922,**
M7vsM8_anom_24m,natural_breaks,Relative Mortality,NEPmax,Low+Mid,86,-0.57144,67.4,0.0008474,0.005922,**
M7vsM8_anom_24m,natural_breaks,Relative Mortality,WUE,Low+Mid,86,-0.01159,52.3,0.1631,0.2091,ns
M7vsM8_anom_24m,natural_breaks,Relative Mortality,uWUE,Low+Mid,86,-0.01631,53.5,0.1278,0.1931,ns
M7vsM8_anom_24m,natural_breaks,Relative Mortality,ETmax,High,26,0.00042,46.2,0.8569,0.8865,ns
M7vsM8_anom_24m,natural_breaks,Relative Mortality,GPPsat,High,26,-0.79636,69.2,0.01041,0.0347,*
M7vsM8_anom_24m,natural_breaks,Relative Mortality,NEPmax,High,26,-0.88658,61.5,0.005962,0.02555,*
M7vsM8_anom_24m,natural_breaks,Relative Mortality,WUE,High,26,-0.06166,53.8,0.1672,0.2091,ns
M7vsM8_anom_24m,natural_breaks,Relative Mortality,uWUE,High,26,-0.02551,53.8,0.0933,0.1749,ns
M7vsM8_anom_24m,natural_breaks,Relative Disturbance,ETmax,Low+Mid,88,-0.00046,52.3,0.1216,0.1931,ns
M7vsM8_anom_24m,natural_breaks,Relative Disturbance,GPPsat,Low+Mid,88,-0.65255,65.9,0.0005993,0.005922,**
M7vsM8_anom_24m,natural_breaks,Relative Disturbance,NEPmax,Low+Mid,88,-0.62755,69.3,0.000325,0.005922,**
M7vsM8_anom_24m,natural_breaks,Relative Disturbance,WUE,Low+Mid,88,-0.01159,52.3,0.208,0.2496,ns
M7vsM8_anom_24m,natural_breaks,Relative Disturbance,uWUE,Low+Mid,88,-0.0136,52.3,0.1565,0.2091,ns
M7vsM8_anom_24m,natural_breaks,Relative Disturbance,ETmax,High,24,8e-04,41.7,0.8877,0.8877,ns
M7vsM8_anom_24m,natural_breaks,Relative Disturbance,GPPsat,High,24,-0.79473,70.8,0.02053,0.05133,ns
M7vsM8_anom_24m,natural_breaks,Relative Disturbance,NEPmax,High,24,-0.67879,54.2,0.02517,0.05807,ns
M7vsM8_anom_24m,natural_breaks,Relative Disturbance,WUE,High,24,-0.06166,54.2,0.107,0.1888,ns
M7vsM8_anom_24m,natural_breaks,Relative Disturbance,uWUE,High,24,-0.0604,58.3,0.05323,0.1141,ns
