model,response,R2_base,RMSE_base,R2_e1,RMSE_e1,R2_e2,RMSE_e2,dataset,mem
M1_12m,ETmax,0.292716186169521,0.0585917635374193,0.277779685479884,0.0592072050626801,0.292716186169521,0.0585917635374193,All sites (112),none
M1_12m,GPPsat,0.263255750350056,7.71160806433017,0.275800730466231,7.64567111641128,0.263255750350056,7.71160806433017,All sites (112),none
M1_12m,NEPmax,0.269378076414599,7.63004921099452,0.265751516311053,7.64896226229873,0.269378076414599,7.63004921099452,All sites (112),none
M1_12m,WUE,0.204507529299701,1.09639165259024,0.198519256814811,1.10051059943238,0.204507529299701,1.09639165259024,All sites (112),none
M1_12m,uWUE,0.115175095009128,1.03522140128829,0.0858293774254908,1.05224822788894,0.115175095009128,1.03522140128829,All sites (112),none
M1_24m,ETmax,0.318279652836527,0.0575231736073209,0.308054060595181,0.057952982672998,0.318279652836527,0.0575231736073209,All sites (112),none
M1_24m,GPPsat,0.282449537291322,7.6104930873374,0.280356557281493,7.62158430135707,0.282449537291322,7.6104930873374,All sites (112),none
M1_24m,NEPmax,0.284068298958078,7.55295306006497,0.277514286187864,7.58744613686229,0.284068298958078,7.55295306006497,All sites (112),none
M1_24m,WUE,0.203637469763585,1.09699107078355,0.178693585322998,1.11403873396552,0.203637469763585,1.09699107078355,All sites (112),none
M1_24m,uWUE,0.106349196930062,1.04037162211632,0.0717529553035229,1.06031855207709,0.106349196930062,1.04037162211632,All sites (112),none
M2_12m,ETmax,0.398622987542821,0.0540272822746984,0.385269980413545,0.0546238014910792,0.398622987542821,0.0540272822746984,All sites (112),none
M2_12m,GPPsat,0.445736863827053,6.68874391370002,0.437416850128228,6.73875910399412,0.445736863827053,6.68874391370002,All sites (112),none
M2_12m,NEPmax,0.484510255601092,6.40901080583917,0.493538049084401,6.35264228232492,0.484510255601092,6.40901080583917,All sites (112),none
M2_12m,WUE,0.184527677818251,1.11007493428331,0.159391732014275,1.12705344881757,0.184527677818251,1.11007493428331,All sites (112),none
M2_12m,uWUE,0.133333234324709,1.02454407006184,0.123782781875351,1.0301737137973,0.133333234324709,1.02454407006184,All sites (112),none
M2_24m,ETmax,0.396334395493135,0.0541299873936691,0.384254941813823,0.0546688801405374,0.396334395493135,0.0541299873936691,All sites (112),none
M2_24m,GPPsat,0.433500386481819,6.76217460409121,0.426721791813836,6.80251155424058,0.433500386481819,6.76217460409121,All sites (112),none
M2_24m,NEPmax,0.478129365636614,6.44855515868096,0.48684563760865,6.39447658917951,0.478129365636614,6.44855515868096,All sites (112),none
M2_24m,WUE,0.20102154098681,1.0987913173253,0.141942524634877,1.13869096115186,0.20102154098681,1.0987913173253,All sites (112),none
M2_24m,uWUE,0.138507349240804,1.02148116009945,0.110433279032738,1.03799159359238,0.138507349240804,1.02148116009945,All sites (112),none
M3_12m,ETmax,0.427860115674838,0.0526975982401324,0.431370202266928,0.0525356992754488,0.427860115674838,0.0526975982401324,All sites (112),none
M3_12m,GPPsat,0.339812834563454,7.2999537725484,0.285643066059461,7.59353857861391,0.339812834563454,7.2999537725484,All sites (112),none
M3_12m,NEPmax,0.343835191033598,7.23081843376283,0.305159814220176,7.44086547579583,0.343835191033598,7.23081843376283,All sites (112),none
M3_12m,WUE,0.192257043334672,1.10480154659326,0.136771885487174,1.14211667386333,0.192257043334672,1.10480154659326,All sites (112),none
M3_12m,uWUE,0.0662976302682405,1.0634297435036,0.0443598419256538,1.07585010928692,0.0662976302682405,1.0634297435036,All sites (112),none
M3_24m,ETmax,0.42073521505855,0.053024706573905,0.438224501601072,0.0522181049872836,0.42073521505855,0.053024706573905,All sites (112),none
M3_24m,GPPsat,0.338425766473605,7.30761843232352,0.286101949403074,7.59109924613062,0.338425766473605,7.30761843232352,All sites (112),none
M3_24m,NEPmax,0.360461220520192,7.13862273805771,0.304807516424559,7.44275157015746,0.360461220520192,7.13862273805771,All sites (112),none
M3_24m,WUE,0.177697901069356,1.11471381382862,0.126181723445381,1.14910111401617,0.177697901069356,1.11471381382862,All sites (112),none
M3_24m,uWUE,0.0781728848764828,1.05664550982971,0.0235345025420267,1.08750941080867,0.0781728848764828,1.05664550982971,All sites (112),none
M4_12m,ETmax,0.455535215344817,0.0514072779032749,0.440445605145426,0.0521147748442624,0.455535215344817,0.0514072779032749,All sites (112),none
M4_12m,GPPsat,0.455067252664754,6.63220627299323,0.392490452169826,7.00266136669997,0.455067252664754,6.63220627299323,All sites (112),none
M4_12m,NEPmax,0.498008863507579,6.32454101854362,0.452267798670239,6.60640396330442,0.498008863507579,6.32454101854362,All sites (112),none
M4_12m,WUE,0.180423803957233,1.1128646613058,0.135009254979058,1.14328212657038,0.180423803957233,1.1128646613058,All sites (112),none
M4_12m,uWUE,0.104315937109604,1.04155449128255,0.0795825852797268,1.05583726526511,0.104315937109604,1.04155449128255,All sites (112),none
M4_24m,ETmax,0.435954231352923,0.0523235115780144,0.446195395966931,0.0518463265840594,0.435954231352923,0.0523235115780144,All sites (112),none
M4_24m,GPPsat,0.440372026219149,6.72103688781628,0.383014738150126,7.05706254361725,0.440372026219149,6.72103688781628,All sites (112),none
M4_24m,NEPmax,0.484743177070794,6.40756270245914,0.436597272178765,6.70024158186145,0.484743177070794,6.40756270245914,All sites (112),none
M4_24m,WUE,0.177663689515695,1.11473700220115,0.111903339009367,1.15845135605734,0.177663689515695,1.11473700220115,All sites (112),none
M4_24m,uWUE,0.119606800735307,1.03262565856556,0.0702774499315096,1.0611609380038,0.119606800735307,1.03262565856556,All sites (112),none
M5_anom_12m,ETmax,0.300242634141921,0.0582791822859883,0.277938520905015,0.0592006940863802,0.300242634141921,0.0582791822859883,All sites (112),anom
M5_anom_12m,GPPsat,0.259957951910102,7.72884805892979,0.279953341248617,7.62371918820088,0.259957951910102,7.72884805892979,All sites (112),anom
M5_anom_12m,NEPmax,0.259555554389268,7.68116737999619,0.263798319312961,7.65912912550095,0.259555554389268,7.68116737999619,All sites (112),anom
M5_anom_12m,WUE,0.21308492500384,1.09046471226955,0.195849636837601,1.10234189899978,0.21308492500384,1.09046471226955,All sites (112),anom
M5_anom_12m,uWUE,0.11160447539123,1.03730806286214,0.0873387021339135,1.05137922144316,0.11160447539123,1.03730806286214,All sites (112),anom
M5_anom_24m,ETmax,0.325966770703388,0.057197936852955,0.306686441380632,0.0580102259372194,0.325966770703388,0.057197936852955,All sites (112),anom
M5_anom_24m,GPPsat,0.281919220064911,7.61330489665093,0.279839907695841,7.62431967116004,0.281919220064911,7.61330489665093,All sites (112),anom
M5_anom_24m,NEPmax,0.28456971673442,7.5503076622822,0.277892569852219,7.58545953514024,0.28456971673442,7.5503076622822,All sites (112),anom
M5_anom_24m,WUE,0.202412594123518,1.09783438103004,0.174632981842521,1.11678928596096,0.202412594123518,1.09783438103004,All sites (112),anom
M5_anom_24m,uWUE,0.115337938285387,1.03512613577264,0.0720364308415278,1.06015663541645,0.115337938285387,1.03512613577264,All sites (112),anom
M5_raw_12m,ETmax,0.501875020460412,0.0491709807486961,0.718128266625427,0.0369883938499853,0.719007975757507,0.0369306291792067,All sites (112),raw
M5_raw_12m,GPPsat,0.509784996052906,6.29042329793266,0.710133407136119,4.83710655362838,0.717911458537693,4.77176771042863,All sites (112),raw
M5_raw_12m,NEPmax,0.549835455473109,5.98916988700359,0.763596396458267,4.34018293689078,0.775514694687968,4.22936286634134,All sites (112),raw
M5_raw_12m,WUE,0.436429852770195,0.922829934733943,0.621713036521337,0.756063671819031,0.642023616139619,0.735486781808326,All sites (112),raw
M5_raw_12m,uWUE,0.374541774586391,0.870369626103187,0.591589942920715,0.703319707156251,0.605911149825289,0.690878450197793,All sites (112),raw
M5_raw_24m,ETmax,0.54709065319941,0.0468862341329081,0.739537905178902,0.0355559244553305,0.748008038851663,0.0349730133335948,All sites (112),raw
M5_raw_24m,GPPsat,0.552655359520632,6.00907591524249,0.745473303186313,4.5326610305001,0.744470664278039,4.54157985037385,All sites (112),raw
M5_raw_24m,NEPmax,0.57826985062144,5.79693344117274,0.793134055895845,4.05999490787255,0.798780706689099,4.00420034568887,All sites (112),raw
M5_raw_24m,WUE,0.458820062196348,0.904312487233524,0.618589638036672,0.759178547370562,0.636648375132685,0.740988106065733,All sites (112),raw
M5_raw_24m,uWUE,0.39713916148761,0.854502050518523,0.606699038036409,0.690187479968842,0.624163452287126,0.67468969617335,All sites (112),raw
M6_anom_12m,ETmax,0.385803313318057,0.0546001008490788,0.384124767094332,0.0546746586116408,0.385803313318057,0.0546001008490788,All sites (112),anom
M6_anom_12m,GPPsat,0.446531095475595,6.68394987614899,0.438031622208223,6.73507615210573,0.446531095475595,6.68394987614899,All sites (112),anom
M6_anom_12m,NEPmax,0.487913527796373,6.3878195716825,0.491163634834243,6.36751621958531,0.487913527796373,6.3878195716825,All sites (112),anom
M6_anom_12m,WUE,0.198800695833788,1.10031736096662,0.158807946014552,1.12744473918094,0.198800695833788,1.10031736096662,All sites (112),anom
M6_anom_12m,uWUE,0.134134713458155,1.0240702197537,0.119348817493366,1.03277694358358,0.134134713458155,1.0240702197537,All sites (112),anom
M6_anom_24m,ETmax,0.389359700702767,0.0544417956839752,0.382262482202613,0.0547572588938749,0.389359700702767,0.0544417956839752,All sites (112),anom
M6_anom_24m,GPPsat,0.43380507956093,6.76035583416357,0.423601365517994,6.82099989813541,0.43380507956093,6.76035583416357,All sites (112),anom
M6_anom_24m,NEPmax,0.470387880696137,6.49620836534343,0.490017404689729,6.37468407730885,0.470387880696137,6.49620836534343,All sites (112),anom
M6_anom_24m,WUE,0.196067734494336,1.10219240302268,0.134395327364387,1.14368777713656,0.196067734494336,1.10219240302268,All sites (112),anom
M6_anom_24m,uWUE,0.128847739076292,1.02719194862397,0.101072566552337,1.04343857891705,0.128847739076292,1.02719194862397,All sites (112),anom
M6_raw_12m,ETmax,0.502435763615415,0.0491432968782132,0.717486451575243,0.037030480740449,0.717144868785652,0.0370528604703258,All sites (112),raw
M6_raw_12m,GPPsat,0.554262053529807,5.9982750359446,0.716596895573872,4.78287326275281,0.722823157641182,4.73004249911003,All sites (112),raw
M6_raw_12m,NEPmax,0.595690003938809,5.6759456538373,0.767271643106297,4.30631347453,0.779389474758812,4.19270304029444,All sites (112),raw
M6_raw_12m,WUE,0.35595361476219,0.986520824416221,0.646177700895644,0.731206904709249,0.639359623970189,0.738218385587584,All sites (112),raw
M6_raw_12m,uWUE,0.297221438738717,0.922600795792006,0.584773404578427,0.709164772124045,0.601197236583655,0.694998155653108,All sites (112),raw
M6_raw_24m,ETmax,0.552013097953126,0.0466307465518683,0.739759254167103,0.0355408129652687,0.749597381680807,0.034862549434158,All sites (112),raw
M6_raw_24m,GPPsat,0.580100177751082,5.82182862067524,0.747483829102394,4.51472361931697,0.745674169209736,4.53087214684555,All sites (112),raw
M6_raw_24m,NEPmax,0.62396456121601,5.47388131986212,0.793627591097842,4.05514890248759,0.802882427916697,3.96317874175803,All sites (112),raw
M6_raw_24m,WUE,0.416084347736745,0.939339839530036,0.636846432469323,0.740786127974718,0.642207980720141,0.735297362643455,All sites (112),raw
M6_raw_24m,uWUE,0.363163345791937,0.878250890036053,0.608998154784995,0.68816721105319,0.625526231330025,0.673465376745073,All sites (112),raw
M7_anom_12m,ETmax,0.428889685909175,0.0526501620182286,0.430240512565168,0.0525878593899286,0.428889685909175,0.0526501620182286,All sites (112),anom
M7_anom_12m,GPPsat,0.334629882243724,7.32855274089013,0.280741410527453,7.61954608107749,0.334629882243724,7.32855274089013,All sites (112),anom
M7_anom_12m,NEPmax,0.353748466513221,7.1759892989614,0.302841449547008,7.45326852514922,0.353748466513221,7.1759892989614,All sites (112),anom
M7_anom_12m,WUE,0.187317940412993,1.10817416182199,0.13370109659794,1.14414631446528,0.187317940412993,1.10817416182199,All sites (112),anom
M7_anom_12m,uWUE,0.0733405875956401,1.05941140327421,0.0345854304683385,1.08133807928315,0.0733405875956401,1.05941140327421,All sites (112),anom
M7_anom_24m,ETmax,0.414235689627469,0.0533213533710193,0.439333109180556,0.0521665559476057,0.414235689627469,0.0533213533710193,All sites (112),anom
M7_anom_24m,GPPsat,0.341684539963977,7.2895983296806,0.289219212799617,7.57450770046084,0.341684539963977,7.2895983296806,All sites (112),anom
M7_anom_24m,NEPmax,0.356299271827534,7.16181320126661,0.308325651753814,7.42389505212228,0.356299271827534,7.16181320126661,All sites (112),anom
M7_anom_24m,WUE,0.172346706159491,1.11833497558572,0.127198559086263,1.1484323324637,0.172346706159491,1.11833497558572,All sites (112),anom
M7_anom_24m,uWUE,0.0801843076006451,1.05549208235749,0.0258153926500927,1.08623853145889,0.0801843076006451,1.05549208235749,All sites (112),anom
M7_raw_12m,ETmax,0.542220692867798,0.0471376349735571,0.724545691131742,0.0365649088710403,0.723498249376608,0.0366343637146476,All sites (112),raw
M7_raw_12m,GPPsat,0.496685741858029,6.37391383398756,0.710370942377903,4.83512423005755,0.726335117670416,4.69998104874603,All sites (112),raw
M7_raw_12m,NEPmax,0.541512769003883,6.04428051250352,0.760310313653116,4.37024377260791,0.782779293633425,4.16036658804518,All sites (112),raw
M7_raw_12m,WUE,0.401183335259736,0.951249896800057,0.632563196323099,0.745141944703975,0.644369634746787,0.733072793010087,All sites (112),raw
M7_raw_12m,uWUE,0.31508267804423,0.910801311999528,0.588016844899146,0.706389609113824,0.599991395072275,0.696048079525422,All sites (112),raw
M7_raw_24m,ETmax,0.571803220234271,0.0455891409424309,0.744356967581542,0.0352254614037741,0.749863822305176,0.0348439967693529,All sites (112),raw
M7_raw_24m,GPPsat,0.54366603656741,6.06915135091166,0.744125886959898,4.54464271963419,0.746341957150821,4.52491984047071,All sites (112),raw
M7_raw_24m,NEPmax,0.578542268048284,5.79506086839618,0.787397075147061,4.1159075057682,0.799953038986981,3.99251878510634,All sites (112),raw
M7_raw_24m,WUE,0.440013471227794,0.919891219457577,0.622068908935894,0.755707955735613,0.640042442783895,0.737519201224105,All sites (112),raw
M7_raw_24m,uWUE,0.374743751122613,0.870229082394925,0.599834842739048,0.696184273209594,0.6199827345845,0.67843186326071,All sites (112),raw
M8_anom_12m,ETmax,0.460253846980245,0.0511840312671865,0.44047051315775,0.0521136149124381,0.460253846980245,0.0511840312671865,All sites (112),anom
M8_anom_12m,GPPsat,0.453198454040539,6.64356882181078,0.395271495777714,6.98661466786104,0.453198454040539,6.64356882181078,All sites (112),anom
M8_anom_12m,NEPmax,0.496716484074087,6.33267707124527,0.4516136436622,6.61034779084905,0.496716484074087,6.33267707124527,All sites (112),anom
M8_anom_12m,WUE,0.186175710216218,1.10895266155578,0.134839716450579,1.14339416295558,0.186175710216218,1.10895266155578,All sites (112),anom
M8_anom_12m,uWUE,0.11147411066524,1.03738416827752,0.07993979466684,1.05563236280647,0.11147411066524,1.03738416827752,All sites (112),anom
M8_anom_24m,ETmax,0.444545705557496,0.05192348988918,0.4453845846354,0.0518842661510986,0.444545705557496,0.05192348988918,All sites (112),anom
M8_anom_24m,GPPsat,0.444119002941863,6.69849882174928,0.380121461805739,7.07358980316364,0.444119002941863,6.69849882174928,All sites (112),anom
M8_anom_24m,NEPmax,0.49070987463658,6.37035473679498,0.440085288782877,6.67946884079024,0.49070987463658,6.37035473679498,All sites (112),anom
M8_anom_24m,WUE,0.165129003153823,1.12320071354991,0.112076294461392,1.15833854725923,0.165129003153823,1.12320071354991,All sites (112),anom
M8_anom_24m,uWUE,0.110562530466031,1.03791618228722,0.0748173892684337,1.05856688351089,0.110562530466031,1.03791618228722,All sites (112),anom
M8_raw_12m,ETmax,0.544681157593361,0.0470107870044389,0.723059937153975,0.0366633887223724,0.723414343131517,0.0366399217603633,All sites (112),raw
M8_raw_12m,GPPsat,0.541838707338274,6.08129076882934,0.713392784000658,4.80983448398569,0.729210574330852,4.67522398159006,All sites (112),raw
M8_raw_12m,NEPmax,0.595210035084452,5.67931369954557,0.758774328658575,4.38422415965148,0.781584139611595,4.17179611125158,All sites (112),raw
M8_raw_12m,WUE,0.348242340181787,0.992409140438865,0.645132528096347,0.732286082055978,0.646259976379344,0.731121884771763,All sites (112),raw
M8_raw_12m,uWUE,0.283305019049977,0.931690686456439,0.579873861405508,0.713336462639245,0.599202008631624,0.696734539893448,All sites (112),raw
M8_raw_24m,ETmax,0.567065785824936,0.0458406391853421,0.745355797709652,0.0351565788560208,0.749164608392936,0.0348926630704845,All sites (112),raw
M8_raw_24m,GPPsat,0.571135988298016,5.88364381271726,0.745889085253012,4.52895735330142,0.747843435825577,4.51150777894928,All sites (112),raw
M8_raw_24m,NEPmax,0.619776608430794,5.50427856343766,0.788419318940867,4.10600046730106,0.803166693041897,3.96032004187086,All sites (112),raw
M8_raw_24m,WUE,0.398664200179167,0.953248682207508,0.639041575114431,0.738543831358518,0.641833070544622,0.735682500197321,All sites (112),raw
M8_raw_24m,uWUE,0.347228110884671,0.889171009343749,0.604348305559956,0.692247008404833,0.625150380344556,0.673803263087412,All sites (112),raw
M1_12m,ETmax,0.364199122661237,0.0523035779699668,0.368894238447068,0.0521101004169028,0.364199122661237,0.0523035779699668,High tree cover (93),none
M1_12m,GPPsat,0.229888839573815,7.64285025899144,0.214884672824279,7.7169443811938,0.229888839573815,7.64285025899144,High tree cover (93),none
M1_12m,NEPmax,0.239417067071769,7.59038544581947,0.220176782753827,7.68579192687671,0.239417067071769,7.59038544581947,High tree cover (93),none
M1_12m,WUE,0.197390452914805,0.966718859362601,0.216543061363465,0.955114846940235,0.197390452914805,0.966718859362601,High tree cover (93),none
M1_12m,uWUE,0.149591868382286,0.919030460738215,0.138971925373609,0.924751107408856,0.149591868382286,0.919030460738215,High tree cover (93),none
M1_24m,ETmax,0.368968708083627,0.0521070258650929,0.372613801727225,0.0519563122065761,0.368968708083627,0.0521070258650929,High tree cover (93),none
M1_24m,GPPsat,0.222171196840818,7.68105107216454,0.202638375289381,7.77689628869172,0.222171196840818,7.68105107216454,High tree cover (93),none
M1_24m,NEPmax,0.240564584532353,7.58465734751396,0.221246231650528,7.68051997451391,0.240564584532353,7.58465734751396,High tree cover (93),none
M1_24m,WUE,0.190090600069695,0.971105134170173,0.223692724184803,0.950746770215003,0.190090600069695,0.971105134170173,High tree cover (93),none
M1_24m,uWUE,0.125823226822409,0.931785258878559,0.139788975843195,0.9243122438699,0.125823226822409,0.931785258878559,High tree cover (93),none
M2_12m,ETmax,0.355705443863699,0.0526517812750418,0.360971572602747,0.0524361656450721,0.355705443863699,0.0526517812750418,High tree cover (93),none
M2_12m,GPPsat,0.358924919628006,6.97321555040026,0.34536942812238,7.04655399228665,0.358924919628006,6.97321555040026,High tree cover (93),none
M2_12m,NEPmax,0.413211066028533,6.66701603835306,0.428408037478614,6.58011674542331,0.413211066028533,6.66701603835306,High tree cover (93),none
M2_12m,WUE,0.299910343860769,0.902869247768074,0.320094370867019,0.889758916540229,0.299910343860769,0.902869247768074,High tree cover (93),none
M2_12m,uWUE,0.201859042204325,0.890340241181397,0.204774023019159,0.888712897851114,0.201859042204325,0.890340241181397,High tree cover (93),none
M2_24m,ETmax,0.362369873067765,0.0523787647020776,0.365399823851161,0.0522541673382222,0.362369873067765,0.0523787647020776,High tree cover (93),none
M2_24m,GPPsat,0.339154600654559,7.07992370539103,0.337414681067442,7.08923783570811,0.339154600654559,7.07992370539103,High tree cover (93),none
M2_24m,NEPmax,0.407319444093433,6.70040234776148,0.418082434634679,6.63928444960953,0.407319444093433,6.70040234776148,High tree cover (93),none
M2_24m,WUE,0.271264615191881,0.921155520952813,0.29368506946743,0.906874569969891,0.271264615191881,0.921155520952813,High tree cover (93),none
M2_24m,uWUE,0.194469964782738,0.894452069173546,0.190425375859451,0.896694791981148,0.194469964782738,0.894452069173546,High tree cover (93),none
M3_12m,ETmax,0.416119138878432,0.0501225268879482,0.394762643468037,0.0510309555388051,0.416119138878432,0.0501225268879482,High tree cover (93),none
M3_12m,GPPsat,0.228433359259142,7.65006919545234,0.178219952373542,7.89507824599811,0.228433359259142,7.65006919545234,High tree cover (93),none
M3_12m,NEPmax,0.257393082469645,7.50015152629098,0.162847342080991,7.96329624906368,0.257393082469645,7.50015152629098,High tree cover (93),none
M3_12m,WUE,0.152450809981634,0.993414482471995,0.142820578072452,0.999042350250989,0.152450809981634,0.993414482471995,High tree cover (93),none
M3_12m,uWUE,0.0577778595218602,0.967370538034162,0.00888198767726744,0.992153544873984,0.0577778595218602,0.967370538034162,High tree cover (93),none
M3_24m,ETmax,0.402467775813893,0.0507050836090545,0.396959334762479,0.0509382636760034,0.402467775813893,0.0507050836090545,High tree cover (93),none
M3_24m,GPPsat,0.23275144118704,7.62863230857304,0.173888845218632,7.91585600384265,0.23275144118704,7.62863230857304,High tree cover (93),none
M3_24m,NEPmax,0.260823339155308,7.48280909166085,0.173447569999544,7.91271904947261,0.260823339155308,7.48280909166085,High tree cover (93),none
M3_24m,WUE,0.169037867926956,0.98364558484453,0.147680240883832,0.996206357218648,0.169037867926956,0.98364558484453,High tree cover (93),none
M3_24m,uWUE,0.0707210636824613,0.960703229334415,0.0133381183748177,0.989920638964746,0.0707210636824613,0.960703229334415,High tree cover (93),none
M4_12m,ETmax,0.40281076099786,0.0506905290895858,0.397382428653357,0.0509203913740923,0.40281076099786,0.0506905290895858,High tree cover (93),none
M4_12m,GPPsat,0.347043089678426,7.03754043970299,0.264131900613831,7.47099817550537,0.347043089678426,7.03754043970299,High tree cover (93),none
M4_12m,NEPmax,0.415764676726202,6.65249333233667,0.317335253409271,7.1910826514504,0.415764676726202,6.65249333233667,High tree cover (93),none
M4_12m,WUE,0.255143804319807,0.931288516390524,0.241377190014456,0.939855265445713,0.255143804319807,0.931288516390524,High tree cover (93),none
M4_12m,uWUE,0.141687568111482,0.923291644611985,0.108278539908175,0.941089251376137,0.141687568111482,0.923291644611985,High tree cover (93),none
M4_24m,ETmax,0.400441802828018,0.0507909703587464,0.396013590497017,0.0509781910808865,0.400441802828018,0.0507909703587464,High tree cover (93),none
M4_24m,GPPsat,0.341764999530227,7.06592670105573,0.258278289247762,7.50065409799889,0.341764999530227,7.06592670105573,High tree cover (93),none
M4_24m,NEPmax,0.408214253537315,6.69534241460532,0.32485861378736,7.15134792808681,0.408214253537315,6.69534241460532,High tree cover (93),none
M4_24m,WUE,0.240102225073085,0.940644708797937,0.231862536816493,0.945730736333535,0.240102225073085,0.940644708797937,High tree cover (93),none
M4_24m,uWUE,0.159625000060776,0.913593005727402,0.105237193641971,0.942692746465415,0.159625000060776,0.913593005727402,High tree cover (93),none
M5_anom_12m,ETmax,0.36048758886598,0.0524560187900281,0.367498847883883,0.0521676769738634,0.36048758886598,0.0524560187900281,High tree cover (93),anom
M5_anom_12m,GPPsat,0.229928094529943,7.64265546660928,0.2130810293383,7.72580335474296,0.229928094529943,7.64265546660928,High tree cover (93),anom
M5_anom_12m,NEPmax,0.237869339570231,7.59810444487641,0.224861577873232,7.66267091695271,0.237869339570231,7.59810444487641,High tree cover (93),anom
M5_anom_12m,WUE,0.182903942714379,0.975404125073218,0.219325368792868,0.953417378615519,0.182903942714379,0.975404125073218,High tree cover (93),anom
M5_anom_12m,uWUE,0.145143889142633,0.921430777093194,0.136210846101932,0.926232631370626,0.145143889142633,0.921430777093194,High tree cover (93),anom
M5_anom_24m,ETmax,0.35978582896171,0.052484791834122,0.372041838281252,0.0519799900795953,0.35978582896171,0.052484791834122,High tree cover (93),anom
M5_anom_24m,GPPsat,0.215349918602284,7.71465757840849,0.203694244305829,7.77174548649116,0.215349918602284,7.71465757840849,High tree cover (93),anom
M5_anom_24m,NEPmax,0.236359624346449,7.60562631705282,0.219105961622101,7.69106702311265,0.236359624346449,7.60562631705282,High tree cover (93),anom
M5_anom_24m,WUE,0.195667010957496,0.967756219566891,0.217112748052626,0.954767530363605,0.195667010957496,0.967756219566891,High tree cover (93),anom
M5_anom_24m,uWUE,0.136571335501743,0.926039336578802,0.141049907965301,0.923634548288721,0.136571335501743,0.926039336578802,High tree cover (93),anom
M5_raw_12m,ETmax,0.507964354563828,0.0460117891232958,0.673540403198815,0.037478789675375,0.680410337651438,0.0370823457610183,High tree cover (93),raw
M5_raw_12m,GPPsat,0.471602069719426,6.33080878215436,0.682538226210543,4.90709382039215,0.696850945520807,4.79520028304792,High tree cover (93),raw
M5_raw_12m,NEPmax,0.49812753478113,6.16576867402717,0.730666857170121,4.51684764392478,0.731125443920247,4.5130006443922,High tree cover (93),raw
M5_raw_12m,WUE,0.423872994562938,0.81904383727242,0.647532097363548,0.640630804322369,0.66199317919914,0.627351242649521,High tree cover (93),raw
M5_raw_12m,uWUE,0.40586388924857,0.768173247724965,0.642587017536195,0.595801189165906,0.642852379896117,0.595579970891373,High tree cover (93),raw
M5_raw_24m,ETmax,0.464025047967408,0.0480223141648679,0.676290017376312,0.037320622905182,0.67764914278687,0.0372421935032296,High tree cover (93),raw
M5_raw_24m,GPPsat,0.399234909878814,6.75042297846044,0.686779011042198,4.87420813815101,0.69433458843801,4.81506097428768,High tree cover (93),raw
M5_raw_24m,NEPmax,0.431113498408183,6.56452575976203,0.728981672917549,4.53095628860412,0.73084834649488,4.51532555539715,High tree cover (93),raw
M5_raw_24m,WUE,0.363420971636857,0.860942592966687,0.653669161958594,0.635029078382989,0.661015878993772,0.628257537905951,High tree cover (93),raw
M5_raw_24m,uWUE,0.3305338625385,0.81541840778418,0.640809430926832,0.597280954442164,0.646882513437378,0.592210108620978,High tree cover (93),raw
M6_anom_12m,ETmax,0.356516486172766,0.0526186316317849,0.359991109269419,0.0524763767142265,0.356516486172766,0.0526186316317849,High tree cover (93),anom
M6_anom_12m,GPPsat,0.357790579016668,6.9793821491861,0.345405162989129,7.04636166159261,0.357790579016668,6.9793821491861,High tree cover (93),anom
M6_anom_12m,NEPmax,0.42312408595367,6.61046097338217,0.424328600568275,6.6035560590272,0.42312408595367,6.61046097338217,High tree cover (93),anom
M6_anom_12m,WUE,0.285569880573167,0.912069448071312,0.319663132452967,0.890041042018818,0.285569880573167,0.912069448071312,High tree cover (93),anom
M6_anom_12m,uWUE,0.197488738773862,0.892774488562209,0.204180150895114,0.889044679842608,0.197488738773862,0.892774488562209,High tree cover (93),anom
M6_anom_24m,ETmax,0.36947375485121,0.0520861697260743,0.364966393913071,0.052272009008827,0.36947375485121,0.0520861697260743,High tree cover (93),anom
M6_anom_24m,GPPsat,0.336233208994637,7.09555551726638,0.336261389626879,7.09540489255476,0.336233208994637,7.09555551726638,High tree cover (93),anom
M6_anom_24m,NEPmax,0.400272959034505,6.74011579700456,0.42592758055194,6.59437869127407,0.400272959034505,6.74011579700456,High tree cover (93),anom
M6_anom_24m,WUE,0.270612630155826,0.921567498576283,0.293644769266902,0.906900441365313,0.270612630155826,0.921567498576283,High tree cover (93),anom
M6_anom_24m,uWUE,0.193091917079275,0.895216827068755,0.191736424026227,0.895968431267766,0.193091917079275,0.895216827068755,High tree cover (93),anom
M6_raw_12m,ETmax,0.472518964434076,0.0476402753156867,0.670179180937826,0.0376712360670539,0.668861676625906,0.0377464019552386,High tree cover (93),raw
M6_raw_12m,GPPsat,0.490867618006029,6.21432556926317,0.684704076179207,4.89032610356406,0.698070883973975,4.78554208641003,High tree cover (93),raw
M6_raw_12m,NEPmax,0.550319276338413,5.83636813877483,0.733244698553717,4.49517984641971,0.732336704027121,4.5028238019245,High tree cover (93),raw
M6_raw_12m,WUE,0.440942053806752,0.806819605358172,0.659107808509179,0.630023221650281,0.670074798125559,0.619805999910592,High tree cover (93),raw
M6_raw_12m,uWUE,0.37254351545509,0.789419790655321,0.631351016272647,0.605093829828937,0.641566056951513,0.596651544050052,High tree cover (93),raw
M6_raw_24m,ETmax,0.457951773904918,0.0482936245344714,0.67306055394695,0.0375063238107952,0.671892910122693,0.0375732398646047,High tree cover (93),raw
M6_raw_24m,GPPsat,0.448777156833464,6.46609745154375,0.689235648567388,4.85505595113186,0.69922034778469,4.7764239646002,High tree cover (93),raw
M6_raw_24m,NEPmax,0.510160721893222,6.09140317794355,0.737948664698135,4.45536953461484,0.732095729686469,4.50485026745955,High tree cover (93),raw
M6_raw_24m,WUE,0.400741181658921,0.835324553561228,0.66084266613945,0.628418029765002,0.668544782954167,0.621241500562177,High tree cover (93),raw
M6_raw_24m,uWUE,0.347924258072438,0.804757858017899,0.630611812159577,0.605700184206602,0.645091645138137,0.593709933826605,High tree cover (93),raw
M7_anom_12m,ETmax,0.417409615997958,0.0500671065466143,0.393205538665076,0.051096557490967,0.417409615997958,0.0500671065466143,High tree cover (93),anom
M7_anom_12m,GPPsat,0.231057027957493,7.63705130569085,0.177743959939165,7.89736441338824,0.231057027957493,7.63705130569085,High tree cover (93),anom
M7_anom_12m,NEPmax,0.257795397997428,7.49811960594359,0.161475790798674,7.96981692315413,0.257795397997428,7.49811960594359,High tree cover (93),anom
M7_anom_12m,WUE,0.153486891208844,0.992807100119915,0.141132353433687,1.00002567896616,0.153486891208844,0.992807100119915,High tree cover (93),anom
M7_anom_12m,uWUE,0.0579909237540242,0.967261156336699,0.00957124351169791,0.991808496885348,0.0579909237540242,0.967261156336699,High tree cover (93),anom
M7_anom_24m,ETmax,0.407804428993653,0.0504781482820788,0.397689479419792,0.0509074170284316,0.407804428993653,0.0504781482820788,High tree cover (93),anom
M7_anom_24m,GPPsat,0.243052181813789,7.57724994082189,0.169929975229362,7.93480042201565,0.243052181813789,7.57724994082189,High tree cover (93),anom
M7_anom_24m,NEPmax,0.269879302443611,7.43683031508435,0.164657133862086,7.95468389774196,0.269879302443611,7.43683031508435,High tree cover (93),anom
M7_anom_24m,WUE,0.168862820104583,0.983749185203642,0.147619458956155,0.996241878079577,0.168862820104583,0.983749185203642,High tree cover (93),anom
M7_anom_24m,uWUE,0.0784561668492221,0.956696538358268,0.0149681829614297,0.989102576754212,0.0784561668492221,0.956696538358268,High tree cover (93),anom
M7_raw_12m,ETmax,0.517470909996874,0.0455651272899077,0.675607325541778,0.0373599560532866,0.680849735408278,0.0370568450864617,High tree cover (93),raw
M7_raw_12m,GPPsat,0.433383420402993,6.55576355048395,0.688461329345763,4.86110076334498,0.703852522820035,4.73950145462393,High tree cover (93),raw
M7_raw_12m,NEPmax,0.470776437526303,6.3315512753547,0.730049850673928,4.52201843355822,0.737367764672876,4.46030500185687,High tree cover (93),raw
M7_raw_12m,WUE,0.369300945626334,0.856957177110503,0.65982001408238,0.629364742709284,0.667721790120617,0.622012283911846,High tree cover (93),raw
M7_raw_12m,uWUE,0.310641473450681,0.8274443212939,0.636566982940073,0.600797882928527,0.64289795525703,0.595541968904795,High tree cover (93),raw
M7_raw_24m,ETmax,0.490178670441152,0.0468360044051509,0.679346204508425,0.0371440307348341,0.677885308362429,0.0372285485331632,High tree cover (93),raw
M7_raw_24m,GPPsat,0.400401197023717,6.74386737429206,0.691756038528964,4.83532790635786,0.700932597146954,4.76280917813184,High tree cover (93),raw
M7_raw_24m,NEPmax,0.430408529066344,6.56859191054899,0.727877911538425,4.54017340140546,0.736183855704681,4.47034690973165,High tree cover (93),raw
M7_raw_24m,WUE,0.338682013837174,0.877512269925732,0.660439555824075,0.62879137649419,0.663932717604986,0.625548731148192,High tree cover (93),raw
M7_raw_24m,uWUE,0.275969496488903,0.847997624504697,0.634438034671802,0.602555015414558,0.644914187322091,0.593858345803938,High tree cover (93),raw
M8_anom_12m,ETmax,0.397519535322805,0.050914598378043,0.397033302135346,0.0509351396038612,0.397519535322805,0.050914598378043,High tree cover (93),anom
M8_anom_12m,GPPsat,0.353292527769973,7.00378138625316,0.263227998185878,7.47558526175951,0.353292527769973,7.00378138625316,High tree cover (93),anom
M8_anom_12m,NEPmax,0.416177923901788,6.65014016206678,0.320466897762888,7.17456956814843,0.416177923901788,6.65014016206678,High tree cover (93),anom
M8_anom_12m,WUE,0.258673485752803,0.929079328026627,0.240395571619124,0.94046313074843,0.258673485752803,0.929079328026627,High tree cover (93),anom
M8_anom_12m,uWUE,0.155599183549458,0.915778674929958,0.106506997187486,0.942023597290842,0.155599183549458,0.915778674929958,High tree cover (93),anom
M8_anom_24m,ETmax,0.400450776372899,0.0507905902649043,0.396431076633847,0.0509605695195925,0.400450776372899,0.0507905902649043,High tree cover (93),anom
M8_anom_24m,GPPsat,0.336308831383765,7.09515131043376,0.26257098719942,7.47891766796203,0.336308831383765,7.09515131043376,High tree cover (93),anom
M8_anom_24m,NEPmax,0.408494741240802,6.69375553641043,0.333237522594175,7.10683312842678,0.408494741240802,6.69375553641043,High tree cover (93),anom
M8_anom_24m,WUE,0.247468303684982,0.93607453091719,0.231895140282915,0.945710665428926,0.247468303684982,0.93607453091719,High tree cover (93),anom
M8_anom_24m,uWUE,0.168308370049012,0.908860793791661,0.107734814775279,0.941376121168945,0.168308370049012,0.908860793791661,High tree cover (93),anom
M8_raw_12m,ETmax,0.489760987924919,0.0468551861987583,0.670740463267627,0.0376391683483448,0.67433410179011,0.0374332021581998,High tree cover (93),raw
M8_raw_12m,GPPsat,0.478472617767912,6.28951561947337,0.689897774425536,4.84988101356792,0.704955512212075,4.73066717975778,High tree cover (93),raw
M8_raw_12m,NEPmax,0.542358025015308,5.88780567641773,0.732050851536344,4.50522756805359,0.740250184888754,4.43576128288573,High tree cover (93),raw
M8_raw_12m,WUE,0.417597751676735,0.823492317485588,0.667561558233705,0.622162239862246,0.673759175894239,0.616335500082806,High tree cover (93),raw
M8_raw_12m,uWUE,0.339813333564014,0.809747430033993,0.628723882892955,0.607246067024805,0.638624681738032,0.599094658576034,High tree cover (93),raw
M8_raw_24m,ETmax,0.470941096484824,0.0477114759161081,0.673385681056866,0.0374876699652572,0.677508375558783,0.0372503242527234,High tree cover (93),raw
M8_raw_24m,GPPsat,0.443542143514945,6.49672945156113,0.695473959487805,4.8060785005891,0.703126218230032,4.74530973247223,High tree cover (93),raw
M8_raw_24m,NEPmax,0.512467317083796,6.07704440621939,0.726026571035667,4.55559140580028,0.737197420846118,4.46175124904336,High tree cover (93),raw
M8_raw_24m,WUE,0.380780770624382,0.849122302160246,0.665027410871686,0.624529080355719,0.66895485176718,0.620857088741715,High tree cover (93),raw
M8_raw_24m,uWUE,0.319194609239883,0.822295089699552,0.62767982096389,0.608099282971791,0.645642146296374,0.593249301045785,High tree cover (93),raw
