response,mtry_frac,mtry,min_node,ntrees,cv_rmse,n_pred
GPPsat,0.2,88,3,500,5.16376263491804,444
GPPsat,0.2,88,3,1000,5.1583673178219,444
GPPsat,0.2,88,5,500,5.16892515038677,444
GPPsat,0.2,88,5,1000,5.16647528039222,444
GPPsat,0.2,88,10,500,5.16715929303875,444
GPPsat,0.2,88,10,1000,5.16568229290288,444
GPPsat,0.33,146,3,500,4.83947128810218,444
GPPsat,0.33,146,3,1000,4.84868798003651,444
GPPsat,0.33,146,5,500,4.85312779921674,444
GPPsat,0.33,146,5,1000,4.85545976662992,444
GPPsat,0.33,146,10,500,4.82994606579428,444
GPPsat,0.33,146,10,1000,4.84377046436705,444
GPPsat,0.5,222,3,500,4.67557116976228,444
GPPsat,0.5,222,3,1000,4.67776194672605,444
GPPsat,0.5,222,5,500,4.674263518069,444
GPPsat,0.5,222,5,1000,4.68415190587753,444
GPPsat,0.5,222,10,500,4.66817107933398,444
GPPsat,0.5,222,10,1000,4.67167323703388,444
GPPsat,0.7,310,3,500,4.6293717137019,444
GPPsat,0.7,310,3,1000,4.62463318555294,444
GPPsat,0.7,310,5,500,4.62581498864645,444
GPPsat,0.7,310,5,1000,4.62201235260593,444
GPPsat,0.7,310,10,500,4.62275089821378,444
GPPsat,0.7,310,10,1000,4.61761642597913,444
GPPsat,1,444,3,500,4.61805549839735,444
GPPsat,1,444,3,1000,4.6257651675223,444
GPPsat,1,444,5,500,4.61979242668487,444
GPPsat,1,444,5,1000,4.62516268792214,444
GPPsat,1,444,10,500,4.6185478121734,444
GPPsat,1,444,10,1000,4.62053474939754,444
NEPmax,0.2,88,3,500,4.65709844456542,444
NEPmax,0.2,88,3,1000,4.64534816277141,444
NEPmax,0.2,88,5,500,4.67782743221061,444
NEPmax,0.2,88,5,1000,4.65684751784895,444
NEPmax,0.2,88,10,500,4.66168115895153,444
NEPmax,0.2,88,10,1000,4.64704933224011,444
NEPmax,0.33,146,3,500,4.29260515993848,444
NEPmax,0.33,146,3,1000,4.30135508802652,444
NEPmax,0.33,146,5,500,4.29382187591465,444
NEPmax,0.33,146,5,1000,4.30108179786065,444
NEPmax,0.33,146,10,500,4.29168975960389,444
NEPmax,0.33,146,10,1000,4.30338708178387,444
NEPmax,0.5,222,3,500,4.12393114001706,444
NEPmax,0.5,222,3,1000,4.10378033857865,444
NEPmax,0.5,222,5,500,4.11795798288493,444
NEPmax,0.5,222,5,1000,4.09932950023166,444
NEPmax,0.5,222,10,500,4.1137361214122,444
NEPmax,0.5,222,10,1000,4.10074009802463,444
NEPmax,0.7,310,3,500,4.01445000731022,444
NEPmax,0.7,310,3,1000,4.01295236709951,444
NEPmax,0.7,310,5,500,4.02322136151136,444
NEPmax,0.7,310,5,1000,4.0193075355038,444
NEPmax,0.7,310,10,500,4.02082566097618,444
NEPmax,0.7,310,10,1000,4.01858576758576,444
NEPmax,1,444,3,500,4.07148211032708,444
NEPmax,1,444,3,1000,4.0641563885128,444
NEPmax,1,444,5,500,4.06814270428075,444
NEPmax,1,444,5,1000,4.06150158596371,444
NEPmax,1,444,10,500,4.06767807381077,444
NEPmax,1,444,10,1000,4.05996706737125,444
ETmax,0.2,88,3,500,0.0394593279386715,444
ETmax,0.2,88,3,1000,0.0392993819371632,444
ETmax,0.2,88,5,500,0.03937806367322,444
ETmax,0.2,88,5,1000,0.0392821439298784,444
ETmax,0.2,88,10,500,0.0393293462315188,444
ETmax,0.2,88,10,1000,0.0393268097757183,444
ETmax,0.33,146,3,500,0.0371428858083776,444
ETmax,0.33,146,3,1000,0.0370573350120752,444
ETmax,0.33,146,5,500,0.0370478710937787,444
ETmax,0.33,146,5,1000,0.0370474010599546,444
ETmax,0.33,146,10,500,0.0371423888885234,444
ETmax,0.33,146,10,1000,0.0371151082884145,444
ETmax,0.5,222,3,500,0.035941227349794,444
ETmax,0.5,222,3,1000,0.0358712748313842,444
ETmax,0.5,222,5,500,0.0359732557735625,444
ETmax,0.5,222,5,1000,0.0359137315564841,444
ETmax,0.5,222,10,500,0.0359132904895533,444
ETmax,0.5,222,10,1000,0.0358560063379455,444
ETmax,0.7,310,3,500,0.0354055666217841,444
ETmax,0.7,310,3,1000,0.0353565629172476,444
ETmax,0.7,310,5,500,0.0354166014921402,444
ETmax,0.7,310,5,1000,0.0353720682890671,444
ETmax,0.7,310,10,500,0.0353412629026737,444
ETmax,0.7,310,10,1000,0.0353389550002405,444
ETmax,1,444,3,500,0.035181619342341,444
ETmax,1,444,3,1000,0.0351815867457672,444
ETmax,1,444,5,500,0.0352295585356855,444
ETmax,1,444,5,1000,0.0351846728264822,444
ETmax,1,444,10,500,0.0351592029067622,444
ETmax,1,444,10,1000,0.0351324736084051,444
uWUE,0.2,88,3,500,0.7695471375979,444
uWUE,0.2,88,3,1000,0.766498592832338,444
uWUE,0.2,88,5,500,0.765431804632628,444
uWUE,0.2,88,5,1000,0.764119793091631,444
uWUE,0.2,88,10,500,0.763967255528066,444
uWUE,0.2,88,10,1000,0.764658556557905,444
uWUE,0.33,146,3,500,0.725466524497955,444
uWUE,0.33,146,3,1000,0.724356482954556,444
uWUE,0.33,146,5,500,0.725539974201276,444
uWUE,0.33,146,5,1000,0.72442050597394,444
uWUE,0.33,146,10,500,0.723723553710061,444
uWUE,0.33,146,10,1000,0.722688387711011,444
uWUE,0.5,222,3,500,0.698332504521978,444
uWUE,0.5,222,3,1000,0.698029432120319,444
uWUE,0.5,222,5,500,0.696505712273279,444
uWUE,0.5,222,5,1000,0.697030304778856,444
uWUE,0.5,222,10,500,0.696471864362321,444
uWUE,0.5,222,10,1000,0.697123053489116,444
uWUE,0.7,310,3,500,0.690269446941766,444
uWUE,0.7,310,3,1000,0.689311727489336,444
uWUE,0.7,310,5,500,0.689651342362864,444
uWUE,0.7,310,5,1000,0.688537028095629,444
uWUE,0.7,310,10,500,0.687443920689527,444
uWUE,0.7,310,10,1000,0.688182960533709,444
uWUE,1,444,3,500,0.688797976242465,444
uWUE,1,444,3,1000,0.68922135458507,444
uWUE,1,444,5,500,0.689086863410101,444
uWUE,1,444,5,1000,0.688843489736281,444
uWUE,1,444,10,500,0.687447743834728,444
uWUE,1,444,10,1000,0.687924854875384,444
WUE,0.2,88,3,500,0.834670069433814,444
WUE,0.2,88,3,1000,0.838507319208342,444
WUE,0.2,88,5,500,0.834530627680137,444
WUE,0.2,88,5,1000,0.839395104457121,444
WUE,0.2,88,10,500,0.833466412871616,444
WUE,0.2,88,10,1000,0.840550267059636,444
WUE,0.33,146,3,500,0.775588783887863,444
WUE,0.33,146,3,1000,0.775711725872429,444
WUE,0.33,146,5,500,0.773706670488628,444
WUE,0.33,146,5,1000,0.775205661516918,444
WUE,0.33,146,10,500,0.774411797165036,444
WUE,0.33,146,10,1000,0.777083022922471,444
WUE,0.5,222,3,500,0.740090919220786,444
WUE,0.5,222,3,1000,0.738926641876414,444
WUE,0.5,222,5,500,0.738886422314451,444
WUE,0.5,222,5,1000,0.739354966643659,444
WUE,0.5,222,10,500,0.739028465858639,444
WUE,0.5,222,10,1000,0.739616315425912,444
WUE,0.7,310,3,500,0.729449429761225,444
WUE,0.7,310,3,1000,0.729219566214062,444
WUE,0.7,310,5,500,0.728218997477582,444
WUE,0.7,310,5,1000,0.727790896300631,444
WUE,0.7,310,10,500,0.729048623875632,444
WUE,0.7,310,10,1000,0.728292756334561,444
WUE,1,444,3,500,0.728616521353802,444
WUE,1,444,3,1000,0.728642034719468,444
WUE,1,444,5,500,0.727618944031519,444
WUE,1,444,5,1000,0.728169262913762,444
WUE,1,444,10,500,0.728022882804579,444
WUE,1,444,10,1000,0.728121295416767,444
