model,response,n_predictors,n_pairs,RMSE,MAE,R2
M1_12m,GPPsat,143,414,7.71160806433017,6.19483011299554,0.263255750350056
M1_24m,GPPsat,286,414,7.6104930873374,6.10067695740595,0.282449537291322
M2_12m,GPPsat,278,414,6.68874391370002,5.26706432337589,0.445736863827053
M2_24m,GPPsat,421,414,6.76217460409121,5.32481751584657,0.433500386481819
M3_12m,GPPsat,164,414,7.2999537725484,5.67011014407584,0.339812834563454
M3_24m,GPPsat,307,414,7.30761843232352,5.69743333632652,0.338425766473605
M4_12m,GPPsat,299,414,6.63220627299323,5.11607702163909,0.455067252664754
M4_24m,GPPsat,442,414,6.72103688781628,5.23204981362522,0.440372026219149
M5_raw_12m,GPPsat,144,414,6.29042329793266,4.88704497468125,0.509784996052906
M5_raw_24m,GPPsat,288,414,6.00907591524249,4.64242172278149,0.552655359520632
M5_anom_12m,GPPsat,144,414,7.72884805892979,6.2140878624743,0.259957951910102
M5_anom_24m,GPPsat,288,414,7.61330489665093,6.10370418577056,0.281919220064911
M6_raw_12m,GPPsat,279,414,5.9982750359446,4.6533197895104,0.554262053529807
M6_raw_24m,GPPsat,423,414,5.82182862067524,4.52892230448314,0.580100177751082
M6_anom_12m,GPPsat,279,414,6.68394987614899,5.25881834381406,0.446531095475595
M6_anom_24m,GPPsat,423,414,6.76035583416357,5.33927035076366,0.43380507956093
M7_raw_12m,GPPsat,165,414,6.37391383398756,4.85796688865792,0.496685741858029
M7_raw_24m,GPPsat,309,414,6.06915135091166,4.6231399642249,0.54366603656741
M7_anom_12m,GPPsat,165,414,7.32855274089013,5.68327487891044,0.334629882243724
M7_anom_24m,GPPsat,309,414,7.2895983296806,5.68288995578314,0.341684539963977
M8_raw_12m,GPPsat,300,414,6.08129076882934,4.61287075017364,0.541838707338274
M8_raw_24m,GPPsat,444,414,5.88364381271726,4.45217238745351,0.571135988298016
M8_anom_12m,GPPsat,300,414,6.64356882181078,5.11088851483811,0.453198454040539
M8_anom_24m,GPPsat,444,414,6.69849882174928,5.16998437641794,0.444119002941863
M1_12m,NEPmax,143,414,7.63004921099452,5.86070809912849,0.269378076414599
M1_24m,NEPmax,286,414,7.55295306006497,5.77078153314464,0.284068298958078
M2_12m,NEPmax,278,414,6.40901080583917,4.90700123445291,0.484510255601092
M2_24m,NEPmax,421,414,6.44855515868096,4.92984943985024,0.478129365636614
M3_12m,NEPmax,164,414,7.23081843376283,5.43045953174452,0.343835191033598
M3_24m,NEPmax,307,414,7.13862273805771,5.34874393457281,0.360461220520192
M4_12m,NEPmax,299,414,6.32454101854362,4.7625005642508,0.498008863507579
M4_24m,NEPmax,442,414,6.40756270245914,4.83146270652861,0.484743177070794
M5_raw_12m,NEPmax,144,414,5.98916988700359,4.43525031527873,0.549835455473109
M5_raw_24m,NEPmax,288,414,5.79693344117274,4.2447478437772,0.57826985062144
M5_anom_12m,NEPmax,144,414,7.68116737999619,5.90977624519853,0.259555554389268
M5_anom_24m,NEPmax,288,414,7.5503076622822,5.78837282060903,0.28456971673442
M6_raw_12m,NEPmax,279,414,5.6759456538373,4.23104590977131,0.595690003938809
M6_raw_24m,NEPmax,423,414,5.47388131986212,4.01631002848936,0.62396456121601
M6_anom_12m,NEPmax,279,414,6.3878195716825,4.874891602489,0.487913527796373
M6_anom_24m,NEPmax,423,414,6.49620836534343,4.97669545245545,0.470387880696137
M7_raw_12m,NEPmax,165,414,6.04428051250352,4.40303311638725,0.541512769003883
M7_raw_24m,NEPmax,309,414,5.79506086839618,4.17541328375755,0.578542268048284
M7_anom_12m,NEPmax,165,414,7.1759892989614,5.37815917684445,0.353748466513221
M7_anom_24m,NEPmax,309,414,7.16181320126661,5.39106163576116,0.356299271827534
M8_raw_12m,NEPmax,300,414,5.67931369954557,4.16244478225064,0.595210035084452
M8_raw_24m,NEPmax,444,414,5.50427856343766,3.99428801965638,0.619776608430794
M8_anom_12m,NEPmax,300,414,6.33267707124527,4.76232898574423,0.496716484074087
M8_anom_24m,NEPmax,444,414,6.37035473679498,4.81377828405772,0.49070987463658
M1_12m,ETmax,143,414,0.0585917635374193,0.0440564754111187,0.292716186169521
M1_24m,ETmax,286,414,0.0575231736073209,0.0429718695386498,0.318279652836527
M2_12m,ETmax,278,414,0.0540272822746984,0.0414009809910499,0.398622987542821
M2_24m,ETmax,421,414,0.0541299873936691,0.0411957017304958,0.396334395493135
M3_12m,ETmax,164,414,0.0526975982401324,0.0394256637614515,0.427860115674838
M3_24m,ETmax,307,414,0.053024706573905,0.0397859812909974,0.42073521505855
M4_12m,ETmax,299,414,0.0514072779032749,0.0390809572467976,0.455535215344817
M4_24m,ETmax,442,414,0.0523235115780144,0.0398773428769293,0.435954231352923
M5_raw_12m,ETmax,144,414,0.0491709807486961,0.0358748700971988,0.501875020460412
M5_raw_24m,ETmax,288,414,0.0468862341329081,0.0339655479272316,0.54709065319941
M5_anom_12m,ETmax,144,414,0.0582791822859883,0.0438556493531325,0.300242634141921
M5_anom_24m,ETmax,288,414,0.057197936852955,0.0429135351903792,0.325966770703388
M6_raw_12m,ETmax,279,414,0.0491432968782132,0.0367400017612255,0.502435763615415
M6_raw_24m,ETmax,423,414,0.0466307465518683,0.0344239379997089,0.552013097953126
M6_anom_12m,ETmax,279,414,0.0546001008490788,0.041814676830361,0.385803313318057
M6_anom_24m,ETmax,423,414,0.0544417956839752,0.0414443238315537,0.389359700702767
M7_raw_12m,ETmax,165,414,0.0471376349735571,0.0344414415696114,0.542220692867798
M7_raw_24m,ETmax,309,414,0.0455891409424309,0.0332591833980199,0.571803220234271
M7_anom_12m,ETmax,165,414,0.0526501620182286,0.0396871072351558,0.428889685909175
M7_anom_24m,ETmax,309,414,0.0533213533710193,0.0400632578955526,0.414235689627469
M8_raw_12m,ETmax,300,414,0.0470107870044389,0.034978042301535,0.544681157593361
M8_raw_24m,ETmax,444,414,0.0458406391853421,0.0337684607170881,0.567065785824936
M8_anom_12m,ETmax,300,414,0.0511840312671865,0.0388951739043393,0.460253846980245
M8_anom_24m,ETmax,444,414,0.05192348988918,0.0394519054287416,0.444545705557496
M1_12m,uWUE,143,414,1.03522140128829,0.743029606250111,0.115175095009128
M1_24m,uWUE,286,414,1.04037162211632,0.748558105840016,0.106349196930062
M2_12m,uWUE,278,414,1.02454407006184,0.718002539438111,0.133333234324709
M2_24m,uWUE,421,414,1.02148116009945,0.716103111571338,0.138507349240804
M3_12m,uWUE,164,414,1.0634297435036,0.770961022692276,0.0662976302682405
M3_24m,uWUE,307,414,1.05664550982971,0.762139558388509,0.0781728848764828
M4_12m,uWUE,299,414,1.04155449128255,0.729809709115729,0.104315937109604
M4_24m,uWUE,442,414,1.03262565856556,0.7252942237093,0.119606800735307
M5_raw_12m,uWUE,144,414,0.870369626103187,0.588670601644259,0.374541774586391
M5_raw_24m,uWUE,288,414,0.854502050518523,0.570250241046459,0.39713916148761
M5_anom_12m,uWUE,144,414,1.03730806286214,0.744206180758114,0.11160447539123
M5_anom_24m,uWUE,288,414,1.03512613577264,0.742933662013895,0.115337938285387
M6_raw_12m,uWUE,279,414,0.922600795792006,0.617120042412986,0.297221438738717
M6_raw_24m,uWUE,423,414,0.878250890036053,0.576327314578384,0.363163345791937
M6_anom_12m,uWUE,279,414,1.0240702197537,0.714524932322307,0.134134713458155
M6_anom_24m,uWUE,423,414,1.02719194862397,0.720253120138695,0.128847739076292
M7_raw_12m,uWUE,165,414,0.910801311999528,0.623366481514076,0.31508267804423
M7_raw_24m,uWUE,309,414,0.870229082394925,0.586769807421345,0.374743751122613
M7_anom_12m,uWUE,165,414,1.05941140327421,0.767625561057674,0.0733405875956401
M7_anom_24m,uWUE,309,414,1.05549208235749,0.761802192587574,0.0801843076006451
M8_raw_12m,uWUE,300,414,0.931690686456439,0.620859440795539,0.283305019049977
M8_raw_24m,uWUE,444,414,0.889171009343749,0.583833503153112,0.347228110884671
M8_anom_12m,uWUE,300,414,1.03738416827752,0.725344718775226,0.11147411066524
M8_anom_24m,uWUE,444,414,1.03791618228722,0.728857105908429,0.110562530466031
M1_12m,WUE,143,414,1.09639165259024,0.770755820485975,0.204507529299701
M1_24m,WUE,286,414,1.09699107078355,0.772979119292342,0.203637469763585
M2_12m,WUE,278,414,1.11007493428331,0.744437440285453,0.184527677818251
M2_24m,WUE,421,414,1.0987913173253,0.741737561537305,0.20102154098681
M3_12m,WUE,164,414,1.10480154659326,0.766787637661092,0.192257043334672
M3_24m,WUE,307,414,1.11471381382862,0.778851528132844,0.177697901069356
M4_12m,WUE,299,414,1.1128646613058,0.7448710816711,0.180423803957233
M4_24m,WUE,442,414,1.11473700220115,0.751712580055821,0.177663689515695
M5_raw_12m,WUE,144,414,0.922829934733943,0.617051574756157,0.436429852770195
M5_raw_24m,WUE,288,414,0.904312487233524,0.603664422113473,0.458820062196348
M5_anom_12m,WUE,144,414,1.09046471226955,0.765213481995119,0.21308492500384
M5_anom_24m,WUE,288,414,1.09783438103004,0.768865895798168,0.202412594123518
M6_raw_12m,WUE,279,414,0.986520824416221,0.641336596722673,0.35595361476219
M6_raw_24m,WUE,423,414,0.939339839530036,0.607849362921653,0.416084347736745
M6_anom_12m,WUE,279,414,1.10031736096662,0.739639362032827,0.198800695833788
M6_anom_24m,WUE,423,414,1.10219240302268,0.748449343956935,0.196067734494336
M7_raw_12m,WUE,165,414,0.951249896800057,0.63352486265718,0.401183335259736
M7_raw_24m,WUE,309,414,0.919891219457577,0.611889070554257,0.440013471227794
M7_anom_12m,WUE,165,414,1.10817416182199,0.771331452497599,0.187317940412993
M7_anom_24m,WUE,309,414,1.11833497558572,0.780078527662682,0.172346706159491
M8_raw_12m,WUE,300,414,0.992409140438865,0.643728655356626,0.348242340181787
M8_raw_24m,WUE,444,414,0.953248682207508,0.616565610904565,0.398664200179167
M8_anom_12m,WUE,300,414,1.10895266155578,0.74401306758004,0.186175710216218
M8_anom_24m,WUE,444,414,1.12320071354991,0.757880830546935,0.165129003153823
