"SITE_ID","siteID","uWUE","ETmax","precipAvail","Gavail","GSmax","CO2avail","G1","EF","EFampl","GPPsat","NEPmax","Rb","Rbmax","aCUE","TZ","nyears","SITE_NAME","LOCATION_LAT","LOCATION_LONG","LOCATION_ELEV","IGBP"
"AR-SLu","AR-SLu","14.6420243246375","0.119488149000771","yes","yes","0.00309720583049285","yes","-0.494621540398142","0.169642857142857","0.202878492247992","28.153395481435","29.768756",NA,NA,NA,"-3","3","San Luis",-33.4648,-66.4598,505,"MF"
"AR-Vir","AR-Vir","3.99903007043068","0.293510310932313","yes","yes","0.000729289456096901","yes","-0.828186739263869","0.7765636232108","0.313754911681638","42.3747244563674","31.623048",NA,NA,NA,"-3","4","Virasoro",-28.2395,-56.1886,105,"ENF"
"AT-Neu","AT-Neu","4.74117812011236","0.27327688876603","yes","yes","0.0155729220960465","yes","1.4482808262471","0.822628331411729","0.283386320762807","42.796852127404","29.494455","15.3857008525882","21.7621260882325","0.69785387223731","1","19","Neustift",47.1167,11.3175,970,"GRA"
"AU-Boy","AU-Boy","1.16433409547872","0.106848860628347","yes","yes","0.0176816893610645","yes","1.89778638152249","0.219260219944214","0.146525980416537","13.3863789069789","14.682556",NA,NA,NA,"8","6","",-32.477093,116.938559,390,"EBF"
"AU-Emr","AU-Emr","2.68814667477306","0.126297222352692","yes","yes","0.00282344764463533","yes","1.48334056440369","0.292237442922374","0.222959377115071","12.0431465310871","16.147284",NA,NA,NA,"10","3","Emerald",-23.8587,148.4746,179,"GRA"
"AU-Gin","AU-Gin","3.20488022956418","0.137291869191616","yes","yes","0.00428733052811933","yes","2.2375730535591","0.301003344481605","0.212958413969719","11.7513389053224","10.974365",NA,NA,NA,"8","4","Gingin",-31.3764,115.7138,51,"WSA"
"AU-GWW","AU-GWW","1.03617142742862","0.0785469801040957","yes","yes","0.00789202210493344","yes","1.62663968457448","0.142857142857143","0.138392486200961","6.57764347800901","8.11667",NA,NA,NA,"8","10","Great Western Woodlands, Western Australia, Australia",-30.1913,120.6541,453,"SAV"
"AU-Lon","AU-Lon","1.06875925442685","0.18076941626636","yes","yes","0.016106208415338","yes","2.00097220742241","0.496093511566868","0.219733052947551","24.2164040361266","22.11835",NA,NA,NA,"10","5","",-23.5232657644973,144.310415719645,207,"GRA"
"AU-Rgf","AU-Rgf","0.62296456956519","0.16411283710531","yes","yes","0.0262309129232667","yes","2.03379124058347","0.580917366946779","0.303751643860983","17.3455813629796","17.558938",NA,NA,NA,"8","8","",-32.506102,116.966827,311,"CRO"
"AU-Rig","AU-Rig","2.35754909396808","0.19112145275412","yes","yes","0.00596512808926776","yes","2.44506097427204","0.516960215957871","0.209879966160268","14.0903217556519","10.9694",NA,NA,NA,"11","1","Riggs Creek",-36.6499,145.5759,152,"GRA"
"AU-Rob","AU-Rob","2.82649707729223","0.26119488372091","yes","yes","0.0108603363602783","yes","1.86910179702358","0.496640858859805","0.209382178881027","25.8513403213602","23.75",NA,NA,NA,"10","1","Robson Creek, Queensland, Australia",-17.1175,145.6301,711,"EBF"
"AU-Wac","AU-Wac","2.52902679036342","0.22723068168833","yes","yes","0.0193284488266473","yes","3.21788171697934","0.466266563269159","0.233910557476566","23.9742956033653","33.923124",NA,NA,NA,"11","4","Wallaby Creek",-37.4259,145.1878,751,"EBF"
"AU-War","AU-War","1.50073999015037","0.237781130216278","yes","yes","0.0658658822244958","yes","1.73684276972008","0.510948905109489","0.26325348186239","37.4427127685631","36.823724",NA,NA,NA,"11","9","",-43.09502,146.65452,113,"EBF"
"AU-Whr","AU-Whr","0.979628550946719","0.145385469016172","yes","yes","0.0442827756795411","yes","3.70007516584358","0.298039215686275","0.195723684210526","16.226881328864","15.248058",NA,NA,NA,"11","11","Whroo",-36.6732,145.0294,150,"EBF"
"AU-Wom","AU-Wom","0.932428591521526","0.270498481275883","yes","yes","0.100052001962634","yes","3.34340043225561","0.508532423208191","0.236471612954312","29.1266098161322","27.05566",NA,NA,NA,"11","12","Wombat",-37.4222,144.0944,705,"EBF"
"AU-Ync","AU-Ync","2.26016298480991","0.105658090019666","yes","yes","0.00392380177066749","yes","1.84898669844736","0.335265344411686","0.184121330059602","11.8483778657904","11.730981",NA,NA,NA,"11","3","Jaxa",-34.9893,146.2907,124,"GRA"
"BR-CST","BR-CST","4.20015148682919","0.202039537947482","yes","yes","0.000685460245887273","yes","-1.04590451846649","0.273240763990761","0.352782789013102","19.7312902929241","26.17643",NA,NA,NA,"-3","2","",-7.9682,-38.3842,468,"DNF"
"BR-Npw","BR-Npw","2.02118299914947","0.363841245575293","yes","yes","0.000501490054637568","yes","-0.871565876648716","0.794045863278969","0.167275152405572","25.162227418849","31.81081",NA,NA,NA,"-3","5","Northern Pantanal Wetland",-16.498,-56.412,120,"WSA"
"BR-Sa3","BR-Sa3","2.6806932406443","0.363487510298924","yes","yes","0.0202299614190322","yes","2.87747444617858","0.764552121963326","0.145091089175583","34.411430000367","34.847",NA,NA,NA,"-3","5","Santarem-Km83-Logged Forest",-3.018,-54.9714,100,"EBF"
"CA-Ca1","CA-Ca1","6.17917206423835","0.131427501012186","yes","yes","0.00636475013168043","yes","0.264313750845062","0.325917985644602","0.151034240955916","32.0630130644748","25.054608","3.48695018820734","8.71762520905438","0.833341175259247","-8","15","",49.8673,-125.3336,303.06,"ENF"
"CA-Ca2","CA-Ca2","3.39109871958074","0.162080804141233","yes","yes","0.00569464077649711","yes","1.56785766270921","0.403462998102467","0.193133583021223","19.1683357233357","12.57249",NA,NA,NA,"-8","12","",49.8705,-125.2909,174.01,"ENF"
"CA-Cbo","CA-Cbo","3.99501476939693","0.293194427828318","yes","yes","0.0157153913250746","yes","1.66851848808943","0.667542305242116","0.286176522022392","45.2838376310748","32.977287","6.27861455253171","12.3041311987588","0.435920392380788","-5","27","",44.3167,-79.9333,215.72,"DBF"
"CA-CF1","CA-CF1","0.510598787120155","0.173925506613132","yes","yes","0.000255366444699569","yes","-0.369835891178689","0.613340211221152","0.168077558787217","4.32218222921362","3.796148",NA,NA,NA,"-6","2","",58.6658,-93.83,26,"WET"
"CA-DB2","CA-DB2","1.01029137584276","0.13768745357188","yes","yes","0.004933544323835","yes","5.62152991719048","0.373181367900416","0.114827860742296","6.19593292316735","6.1279606",NA,NA,NA,"-8","2","",49.119,-122.9951,9.21,"WET"
"CA-EM1","CA-EM1","1.86620297994876","0.243578192891961","yes","yes","0.000426002120315811","yes","-0.717317240370257","0.866680372420234","0.175715080077282","17.4545653478654","19.31394",NA,NA,NA,"-6","3","",50.3623,-100.2024,608,"WET"
"CA-Gro","CA-Gro","2.96289354597637","0.217422393643042","yes","yes","0.0117477096865749","yes","2.53907862702887","0.514587467617856","0.277451722547378","26.1128993284661","24.37189",NA,NA,NA,"-5","12","Ontario - Groundhog River, Boreal Mixedwood Forest",48.2167,-82.1556,340,"MF"
"CA-LP1","CA-LP1","2.6426866875646","0.120815956366581","yes","yes","0.00616798119805444","yes","2.86368167274724","0.288202027879839","0.176578617223847","12.746981063147","11.310512",NA,NA,NA,"-8","16","",55.1119,-122.8414,751,"ENF"
"CA-MA2","CA-MA2","3.05309659323707","0.210011496376313","yes","yes","0.00798408204351577","yes","1.37894257735794","0.689735041954536","0.252185810943014","33.6817416498851","23.271608",NA,NA,NA,"-6","3","",50.171,-97.8762,259,"CRO"
"CA-MA3","CA-MA3","3.32871725951879","0.190201294099427","yes","yes","0.00642565202620306","yes","1.81352500028906","0.675828988422318","0.245124925943404","23.0573551030081","18.192366",NA,NA,NA,"-6","3","",50.1774,-97.8686,259,"GRA"
"CA-Man","CA-Man","2.83378165646321","0.140567827609702","yes","yes","0.000499372094744214","yes","-0.618624964951229","0.322181551976574","0.164578981992344","13.9356945852445","11.27565","71.9654836782942","7.36085069921434","0.73884151162614","-6","15","Manitoba - Northern Old Black Spruce (former BOREAS Northern Study Area)",55.8796,-98.4808,259,"ENF"
"CA-NS1","CA-NS1","3.70294659889212","0.135531535082917","yes","yes","0.000626773478148915","yes","-0.638046175132701","0.311395234182416","0.181995690800081","15.3624157170127","13.701948",NA,NA,NA,"-6","5","UCI-1850 burn site",55.8792,-98.4839,260,"ENF"
"CA-NS2","CA-NS2","3.04220985604681","0.12819398728637","yes","yes","0.00051329700100149","yes","-0.634005471622103","0.3164637116415","0.175719407357114","15.3652985790778","13.329015",NA,NA,NA,"-6","5","UCI-1930 burn site",55.9058,-98.5247,260,"ENF"
"CA-NS3","CA-NS3","2.95588752610936","0.151303189976815","yes","yes","0.000509060782162556","yes","-0.608987401667996","0.352518354418792","0.203075215049241","15.7912639372796","13.3672","3.21711387579843","5.04390283287234","0.640099795706111","-6","5","UCI-1964 burn site",55.9117,-98.3822,260,"ENF"
"CA-NS4","CA-NS4","3.20387825852206","0.0869066895389926","yes","yes","0.000217445090315712","yes","-0.787248869197123","0.30690102843828","0.139817657341767","11.086011576837","8.588034","292.514395090855","134.798108467174","-44.4133306443775","-6","5","UCI-1964 burn site wet",55.9144,-98.3806,260,"ENF"
"CA-NS5","CA-NS5","3.12659648120442","0.161116079461456","yes","yes","0.000457016664919865","yes","-0.732186754288262","0.474591201247317","0.23895671521518","18.9860111764219","15.130962",NA,NA,NA,"-6","5","UCI-1981 burn site",55.8631,-98.485,260,"ENF"
"CA-NS6","CA-NS6","2.88799116910081","0.129038250427725","yes","yes","0.000321567961326479","yes","-0.77652091436374","0.415180982232209","0.222096271931121","13.5821416064449","11.926467",NA,NA,NA,"-6","5","UCI-1989 burn site",55.9167,-98.9644,244,"OSH"
"CA-NS7","CA-NS7","2.46925754358464","0.153674287829657","yes","yes","0.0005043289434452","yes","-0.70393382383743","0.418288934727666","0.167154346306203","14.8921039994631","14.369849","2.07370767259137","2.85148824269718","0.459216713448401","-6","5","UCI-1998 burn site",56.6358,-99.9483,297,"OSH"
"CA-Oas","CA-Oas","3.43615249733401","0.250918206723927","yes","yes","0.00095730048465341","yes","-0.672355536697278","0.631709587340987","0.305707731827564","30.150923579304","26.989","3.75116293707239","7.17197549540792","0.76457022687978","-6","15","Saskatchewan - Western Boreal, Mature Aspen",53.6289,-106.1978,530,"DBF"
"CA-Qc2","CA-Qc2","2.90265115800609","0.21123706926805","yes","yes","0.00993886021680395","yes","2.82900266749349","0.484317395015555","0.224770003826857","25.4564430715528","21.4544",NA,NA,NA,"-5","4","",49.7598,-74.5711,387.3,"MF"
"CA-Qfo","CA-Qfo","2.65124810541986","0.137280517529125","yes","yes","0.00599201193368636","yes","2.62691745490965","0.318902893783144","0.154487092585231","14.3521593501671","12.52746","2.82653844262143","4.79761721607177","0.394232753442636","-5","8","Quebec - Eastern Boreal, Mature Black Spruce",49.6925,-74.3421,382,"ENF"
"CA-SF1","CA-SF1","2.70355734621597","0.211001805401943","yes","yes","0.0127378743052651","yes","3.21899592244211","0.494482784315845","0.265636358869896","22.4803990139643","14.572203",NA,NA,NA,"-6","4","Saskatchewan - Western Boreal, forest burned in 1977",54.485,-105.8176,536,"ENF"
"CA-SF2","CA-SF2","3.4314952125159","0.22747689534753","yes","yes","0.0138029487632616","yes","2.05521115121846","0.511635353579161","0.31284318562141","28.9093645246464","21.0026",NA,NA,NA,"-6","6","Saskatchewan - Western Boreal, forest burned in 1989",54.2539,-105.8775,520,"ENF"
"CA-SF3","CA-SF3","1.85766700116169","0.189608334173846","yes","yes","0.00885486514748041","yes","4.68271005718099","0.426618537174342","0.211576353685439","12.112444519026","11.7124",NA,NA,NA,"-6","6","Saskatchewan - Western Boreal, forest burned in 1998",54.0916,-106.0053,540,"OSH"
"CA-TP2","CA-TP2","3.06794638556338","0.33176622528345","yes","yes","0.0263383564199264","yes","2.96647125713804","0.634351326484807","0.39816319419099","39.0628774212117","32.11602",NA,NA,NA,"-5","5","Ontario - Turkey Point 1989 Plantation White Pine",42.7744,-80.4588,212,"ENF"
"CA-TP3","CA-TP3","3.65489225657048","0.200593873675059","yes","yes","0.0137624628042915","yes","1.98432949337559","0.438586456290131","0.31680717097758","28.257241474209","27.012",NA,NA,NA,"-5","16","Ontario - Turkey Point 1974 Plantation White Pine",42.7068,-80.3483,184,"ENF"
"CA-TP4","CA-TP4","3.52123100608023","0.203643559492849","yes","yes","0.0131217362050555","yes","1.83609439019697","0.423491768099222","0.233057673278473","27.715372509259","24.36589",NA,NA,NA,"-5","13","Ontario - Turkey Point 1939 Plantation White Pine",42.7102,-80.3574,184,"ENF"
"CA-TPD","CA-TPD","3.97826128517401","0.224293548550274","yes","yes","0.0094893348811916","yes","1.06993762823287","0.555419076758157","0.238267675471081","31.2857750975637","31.3381",NA,NA,NA,"-5","12","Ontario - Turkey Point Mature Deciduous",42.6353,-80.5577,260,"DBF"
"CG-Tch","CG-Tch","3.13231414418955","0.207010213049892","yes","yes","0.000197385331190818","yes","-0.896381990954194","0.53065842561909","0.121198485545961","31.4021925661421","23.322304",NA,NA,NA,"1","4","Tchizalamou",-4.2892,11.6564,82,"SAV"
"CH-Cha","CH-Cha","3.33314396725758","0.305926128814887","yes","yes","0.0240782883348033","yes","1.6355213650199","0.777483515002765","0.197426447009209","42.3804086208913","33.2628","6.06918334604794","11.2034972163669","-0.16611494486307","1","19","Chamau",47.2102,8.4104,393,"GRA"
"CH-Fru","CH-Fru","2.60950242887978","0.273496486730391","yes","yes","0.0151504993124827","yes","0.107247124159978","0.725203727361956","0.145941641085605","34.2625400110258","28.446572","5.81033635851846","11.3552836869382","0.0791219764085149","1","19","Früebüel",47.1158,8.5378,982,"GRA"
"CL-SDF","CL-SDF","3.14837523834025","0.209614277879709","yes","yes","0.0190103310669645","yes","1.36249869930184","0.396196340767521","0.23555571963205","23.7761839990418","21.255174",NA,NA,NA,"-3","5","",-41.883,-73.676,31,"EBF"
"CN-Cha","CN-Cha","3.83922054038373","0.232649505123003","yes","yes","0.00067830762616928","yes","-4.05413533100619","0.650392850127676","0.2593293510698","33.2351127441862","29.83536",NA,NA,NA,"8","3","Changbaishan",42.4025,128.0958,762,"MF"
"CN-Cng","CN-Cng","2.2085576411698","0.221038984836357","yes","yes","0.00685842190366014","yes","2.46742049508017","0.566464011450663","0.261606772944875","18.0332081926242","18.05345",NA,NA,NA,"8","4","Changling",44.5934,123.5092,142,"GRA"
"CN-Dan","CN-Dan","0.536113700023222","0.321651887775095","yes","yes","0.000210938068471706","yes","-5.15718907418025","0.662611077667383","0.292513663061119","7.09167268418558","7.3465488",NA,NA,NA,"8","2","Dangxiong",30.4978,91.0664,4319,"GRA"
"CN-Din","CN-Din","2.70972868611027","0.240053327883241","yes","yes","0.000458628514558485","yes","-4.65336921965746","0.558368136021712","0.246623955050693","20.3047350230617","19.931844",NA,NA,NA,"8","3","Dinghushan",23.1733,112.5361,272,"EBF"
"CN-Du2","CN-Du2","1.3620644457023","0.228649792623422","yes","yes","0.000236385137231056","yes","-0.914883760130672","0.59510133724009","0.23171833929649","10.0903628492634","9.65874280000001",NA,NA,NA,"8","3","Duolun_grassland (D01)",42.0467,116.2836,1320,"GRA"
"CN-Du3","CN-Du3","0.825774633161484","0.172378917074491","yes","yes","0.00373173930217133","yes","5.42642913114623","0.615674574404732","0.189459690197788","4.0964940755752","5.785422",NA,NA,NA,"8","2","Duolun Degraded Meadow",42.0551,116.2809,1310,"GRA"
"CN-Ha2","CN-Ha2","1.45834455791957","0.313349352766095","yes","yes","0.000473871059839413","yes","-3.66882926189057","0.635298585898089","0.172471469489543","21.6379982223209","18.719146",NA,NA,NA,"8","3","Haibei Shrubland",37.6086,101.3269,3201,"WET"
"CN-HaM","CN-HaM","1.95665333427885","0.219737882127516","yes","yes","0.00672383026481654","yes","0.898547969642104","0.662278718796605","0.170789373357158","17.5428992192448","16.621381",NA,NA,NA,"8","3","Haibei Alpine Tibet site",37.37,101.18,4001,"GRA"
"CN-Qia","CN-Qia","3.1347779984189","0.295126628440735","yes","yes","0.000440395880385486","yes","-4.56004131789631","0.663337643891342","0.286137967650216","25.6396372136346","26.593408",NA,NA,NA,"8","3","Qianyanzhou",26.7414,115.0581,109,"ENF"
"CN-Sw2","CN-Sw2","0.765788952580648","0.104950773829806","yes","yes","9.74748045150078e-05","yes","-1.49942950551023","0.261254689021989","0.286679761106582","3.24431356064019","10.940868",NA,NA,NA,"8","3","Siziwang Grazed (SZWG)",41.7902,111.8971,1445,"GRA"
"CZ-BK2","CZ-BK2","4.12677849071908","0.146175529618064","yes","yes","0.000429492089547493","yes","-0.764666351815602","0.507590716453519","0.199606752391826","25.7454255469323","21.01226",NA,NA,NA,"1","9","Bily Kriz grassland",49.4944,18.5429,855,"GRA"
"CZ-KrP","CZ-KrP","3.78249114946949","0.208034548638516","yes","yes","0.0089281995777643","yes","0.861762351124674","0.618744346372962","0.248113653122843","36.7066366230381","31.987788",NA,NA,NA,"1","7","",49.573257,15.078773,540,"CRO"
"CZ-RAJ","CZ-RAJ","4.33634057527268","0.138571406079927","yes","yes","0.00633013569679832","yes","0.517424026515453","0.327796698520021","0.158091399774113","25.2704482561444","22.009396",NA,NA,NA,"1","11","",49.4437236,16.6965125,648,"ENF"
"CZ-Stn","CZ-Stn","4.08023698609067","0.224443089192683","yes","yes","0.00100317233465023","yes","-0.69262958791808","0.571239113745141","0.229903234362603","33.5895600872129","32.116644","3.32949455154209","6.44307206015562","0.635631098722376","1","13","",49.035975,17.9699,564,"DBF"
"DE-Akm","DE-Akm","3.15613233244555","0.245041872484495","yes","yes","0.000708773325120723","yes","-0.800426992028345","0.645150872033737","0.231903976906518","35.1051562932598","28.3725",NA,NA,NA,"1","15","Anklam",53.8662,13.6834,-1,"WET"
"DE-Geb","DE-Geb","4.03689098546628","0.224097939639643","yes","yes","0.0227650124948536","yes","2.65684894295229","0.72544077367621","0.267253928561558","41.5225601979658","37.9693",NA,NA,NA,"1","1","Gebesee",51.09973,10.91463,163,"CRO"
"DE-Har","DE-Har","3.70339543864651","0.217044748485808","yes","yes","0.0132227473995129","yes","-0.607767820885384","0.413243922883487","0.18105649833692","28.5475026763953","27.3512",NA,NA,NA,"1","5","",47.933,7.5981,201,"MF"
"DE-Hdn","DE-Hdn","4.53719626203462","0.219148031980072","yes","yes","0.000357309962986847","yes","-0.77711297716405","0.624534212631405","0.240669436139872","40.1827535140428","41.7561059999999",NA,NA,NA,"1","4","",53.86825,13.268543,19,"CRO"
"DE-Hte","DE-Hte","2.06270791973719","0.20501276292806","yes","yes","0.00144734531985116","yes","-0.661411527659754","0.679131911964383","0.208203722197551","19.4729221149926","21.966322","2.20749632084025","4.80344310530894","0.65899136565245","1","10","Huetelmoor",54.2103,12.1761,0.2,"WET"
"DE-Lkb","DE-Lkb","1.18482904736714","0.189901578502409","yes","yes","0.0139555335195844","yes","3.73367049637823","0.453727412393006","0.137901403130162","11.7260332625222","9.429767",NA,NA,NA,"1","5","Lackenberg",49.0996,13.3047,1308,"ENF"
"DE-Lnf","DE-Lnf","3.72899192099441","0.21770261186336","yes","yes","0.0196165033747012","yes","2.52214742193443","0.528976688512797","0.187182618752501","33.8544053940675","32.7719999999999",NA,NA,NA,"1","7","Leinefelde",51.3282,10.3678,451,"DBF"
"DE-Msr","DE-Msr","2.94752534075043","0.271917382720213","yes","yes","0.00743798687993333","yes","0.201618970965847","0.59747551789355","0.233628198303739","29.2959103040948","40.6948429999999","9.36372821107002","14.8519540657594","-0.612425322648961","1","5","",47.809181,11.456168,602.07,"ENF"
"DE-Obe","DE-Obe","3.98770503416743","0.17814524995349","yes","yes","0.0134264692886536","yes","1.81923131005719","0.45576593923834","0.21335788527195","32.4237773064492","25.98",NA,NA,NA,"1","10","Oberbärenburg",50.7867,13.7213,734,"ENF"
"DE-Rns","DE-Rns","3.643271145086","0.2258051909753","yes","yes","0.0103642067650971","yes","1.73841872851392","0.755480137977078","0.360510892746513","37.7389125165052","39.8896",NA,NA,NA,"1","3","",51.494953,9.932118,155,"CRO"
"DE-RuR","DE-RuR","3.11235324249935","0.225685140688112","yes","yes","0.016423750260918","yes","2.82811396877797","0.736438544206248","0.195881653493613","34.4971241371687","27.521558",NA,NA,NA,"1","13","Rollesbroich",50.6219142,6.3041256,514.7,"GRA"
"DE-Seh","DE-Seh","3.41492033954392","0.264576705470273","yes","yes","0.0339966550402696","yes","4.52246205392319","0.862276881415179","0.241348883437297","40.9999173605507","35.634283",NA,NA,NA,"1","4","Selhausen",50.8706,6.4497,103,"CRO"
"DE-SfN","DE-SfN","1.60598472754769","0.231038874924439","yes","yes","0.00956990985264327","yes","3.48348584102997","0.511644743831374","0.138824657410387","14.262984470376","13.727444",NA,NA,NA,"1","3","Schechenfilz Nord",47.8064,11.3275,590,"WET"
"DE-Spw","DE-Spw","4.29053715260997","0.2454459193992","yes","yes","0.000968337133956751","yes","-0.770950903232455","0.571440774321517","0.238441594723422","33.3886826903932","32.970866",NA,NA,NA,"1","5","Spreewald",51.8922,14.0337,61,"WET"
"DE-Zrk","DE-Zrk","1.54281230421196","0.238347400446492","yes","yes","0.0131376872086475","yes","4.82802213261156","0.765958300977917","0.159479097412228","13.4347822997909","10.97708",NA,NA,NA,"1","2","Zarnekow",53.8759,12.889,0,"WET"
"DK-Eng","DK-Eng","2.47317999897856","0.123580421485526","yes","yes","0.00605417555908488","yes","2.74658481826975","0.558128643830514","0.17579492197169","16.4012803590842","12.352116",NA,NA,NA,"1","4","Enghave",55.6905,12.1918,10,"GRA"
"DK-Fou","DK-Fou","9.19271212212773","0.0914848548679889","yes","yes","0.00388403142299021","yes","-0.0258129561146356","0.257168257182456","0.308176211053029","37.7749137526719","24.444126",NA,NA,NA,"1","1","Foulum",56.4842,9.5872,51,"CRO"
"DK-Sor","DK-Sor","3.99788951866382","0.225644133667037","yes","yes","0.0414253878658275","yes","2.7523719811962","0.546528103757019","0.258642336459039","39.8169110679666","33.9389",NA,NA,NA,"1","29","Soroe",55.4858694,11.6446444,55,"DBF"
"EE-Pts","EE-Pts","1.36457120054162","0.187842750391759","yes","yes","0.0146226534741879","yes","8.39745357804378","0.536772242020669","0.261981056582686","9.56737868928953","6.8254844",NA,NA,NA,"2","2","",58.563316,24.368887,16,"WET"
"ES-Abr","ES-Abr","3.03773098422884","0.165793831626221","yes","yes","0.00673341750724544","yes","2.34546080310579","0.407619951158617","0.208879772386117","16.7499006148576","14.834028",NA,NA,NA,"1","6","",38.701839,-6.785881,281,"SAV"
"ES-Agu","ES-Agu","2.26434933580065","0.0898376576866584","yes","yes","0.00370871076572805","yes","2.38226638945402","0.18567115488459","0.177750963535254","8.0569607469","7.947513",NA,NA,NA,"1","15","",36.940046,-2.033208,197,"OSH"
"ES-Amo","ES-Amo","1.06499370105595","0.0756802682793279","yes","yes","0.00494638950138555","yes","7.09579244558044","0.281399671011082","0.18523507406021","4.03294490156806","5.2582434",NA,NA,NA,"1","6","Amoladeras",36.8336,-2.2523,58,"OSH"
"ES-LgS","ES-LgS","1.58116677117785","0.12002912459109","yes","yes","0.00541830460880524","yes","1.70146137937674","0.311418885557373","0.139402060727798","7.22154942012429","7.1468304",NA,NA,NA,"1","3","Laguna Seca",37.0979,-2.9658,2267,"OSH"
"ES-LJu","ES-LJu","1.17064829612256","0.0970679898278142","yes","yes","0.00316440329042242","yes","3.40477322584502","0.236770737775433","0.132121786221632","4.96041203687508","5.381046",NA,NA,NA,"1","17","Llano de los Juanes",36.9266,-2.7521,1600,"OSH"
"ES-LM1","ES-LM1","2.98559078665988","0.205148455162855","yes","yes","0.00750348716747059","yes","2.61420896695958","0.485319590091897","0.241241386879848","19.9525815787127","17.071704",NA,NA,NA,"1","7","",39.94269,-5.778683,263,"SAV"
"ES-LM2","ES-LM2","3.19219570330565","0.18791446578647","yes","yes","0.00681107886482004","yes","2.29093159948043","0.458095654709828","0.244144958324908","19.2489495762669","16.15433",NA,NA,NA,"1","7","",39.934592,-5.775881,270,"SAV"
"FI-Jok","FI-Jok","2.61595158896053","0.13699964011738","yes","yes","0.00541061876766699","yes","1.79066377167857","0.647271514033694","0.374779658434761","17.4805144250544","11.401439","1.85592359545716","4.05096244475299","0.955351648185926","2","4","Jokioinen",60.8986,23.5134,109,"CRO"
"FI-Lom","FI-Lom","1.72915951415294","0.185055268595733","yes","yes","0.0202847689860118","yes","7.35988058269548","0.577091325239375","0.161751465869798","15.8974590377879","11.91232",NA,NA,NA,"2","3","Lompolojankka",67.9972,24.2092,274,"WET"
"FI-Qvd","FI-Qvd","3.73319420407979","0.167282070997866","yes","yes","0.00030811484908113","yes","-0.84545348657575","0.602813554596539","0.213528859502905","28.0093431020553","20.31565",NA,NA,NA,"2","3","",60.295242,22.391607,0,"CRO"
"FI-Sii","FI-Sii","0.954595712531681","0.211740808913427","yes","yes","0.0102590428399273","yes","9.83019850023349","0.651141432694831","0.139580170506951","7.71303526967885","6.03","1.17383779015196","2.18003003370601","0.721817343700208","2","7","Siikaneva",61.83265,24.19285,164,"WET"
"FI-Var","FI-Var","2.75377876556979","0.0933596854623263","yes","yes","0.0102554862852262","yes","3.49582086945774","0.310292022061839","0.151407686627588","13.1397841650148","10.327609",NA,NA,NA,"2","2","",67.7549,29.61,395,"ENF"
"FR-CLt","FR-CLt","2.21121317722968","0.254239554185653","yes","yes","0.0139549338004526","yes","1.62357882805454","0.632420474187973","0.257721670288419","25.7391072311934","25.432695",NA,NA,NA,"1","2","",45.0414,6.41053,2050.6,"GRA"
"FR-EM2","FR-EM2","4.06391669831737","0.29569308996938","yes","yes","0.0191879415954071","yes","-0.352200561394666","0.68625224499767","0.270324261078751","53.409519841333","45.848684",NA,NA,NA,"1","7","",49.8721083,3.02065,84,"CRO"
"FR-Lam","FR-Lam","3.91129691475158","0.289111287482804","yes","yes","0.0182199694444067","yes","1.75357640081254","0.730599598941184","0.237665301092427","42.5651127792635","43.260344",NA,NA,NA,"1","16","",43.49648,1.23785,182,"CRO"
"FR-LBr","FR-LBr","3.40582786341119","0.219368557622431","yes","yes","0.0107327230781761","yes","2.16690651163892","0.48073995652817","0.219906938472128","27.4084391882119","23.973736",NA,NA,NA,"1","13","Le Bray",44.7171,-0.7693,61,"ENF"
"FR-Lus","FR-Lus","3.22031046132391","0.266438587477091","yes","yes","0.0188057408685307","yes","2.65837552240798","0.687369489246068","0.227445079014238","44.6012268963022","33.3498",NA,NA,NA,"1","3","",46.4142461,0.1206518,154,"GRA"
"FR-Mej","FR-Mej","3.72938010848801","0.20962052700462","yes","yes","0.0127808198483298","yes","2.17203897659544","0.644495958671956","0.186956473722495","36.3097379945686","35.171412",NA,NA,NA,"1","5","",48.1184,-1.79635,40,"GRA"
"FR-Tou","FR-Tou","2.81493692098733","0.223523841138967","yes","yes","0.0103959775873311","yes","3.02758578885854","0.575394854908155","0.217875392663554","24.6793882579226","20.576568",NA,NA,NA,"1","6","",43.572855,1.37474,158,"GRA"
"GH-Ank","GH-Ank","2.60458552290566","0.33830280509479","yes","yes","0.0289824717520473","yes","1.83198925157435","0.691053636700426","0.18181059069222","43.5770055341211","43.6397240000001",NA,NA,NA,"0","4","Ankasa",5.2685,-2.6942,124,"EBF"
"IE-CaC","IE-CaC","8.4333344337049","0.0967671500207701","yes","yes","0.00364665211079751","yes","-0.300193763099867","0.341814364180773","0.29340974155821","37.3463549461084","31.124212",NA,NA,NA,"0","6","",52.85879,-6.918136,58,"CRO"
"IE-CaN","IE-CaN","7.85049417199216","0.109938408642521","yes","yes","0.00428107037272212","yes","-0.502383273675866","0.444954573948667","0.379764280061745","41.4530334825942","32.35737",NA,NA,NA,"0","5","",52.85879,-6.918136,58,"CRO"
"IE-Cra","IE-Cra","1.73385286626894","0.118270530305885","yes","yes","0.00623512832149875","yes","2.81773731742749","0.349473697280485","0.187257586525524","12.1371341432208","8.9321912",NA,NA,NA,"0","1","",53.3229785,-7.641769,57,"WET"
"IE-Gwr","IE-Gwr","2.94067243067773","0.221215739907112","yes","yes","0.0326521916127833","yes","3.60428101978898","0.770905505171096","0.218731462605399","32.5804242608818","30.75216","5.31062464888612","6.21619305097507","0.540696560204228","0","1","",52.6365,-7.011306,47,"CRO"
"IL-Yat","IL-Yat","2.91879456967152","0.123522156528414","yes","yes","0.0049008009187889","yes","0.540854403365638","0.256738532298468","0.201096220610914","14.3186726325076","13.961691",NA,NA,NA,"2","21","",31.345044585655,35.0519885122776,652,"ENF"
"IT-BFt","IT-BFt","3.83898387513027","0.246296536970441","yes","yes","0.00956367631197743","yes","1.03988790566862","0.553768033159113","0.19820278171048","35.6615617358412","29.661948",NA,NA,NA,"1","6","",45.197755,10.741966,23,"DBF"
"IT-CA1","IT-CA1","2.62220362794535","0.297321250657525","yes","yes","0.0107127415725433","yes","1.55255151046949","0.605082779711062","0.28100831621655","24.1668935796148","24.765588",NA,NA,NA,"1","4","Castel d'Asso1",42.3804,12.0266,200,"DBF"
"IT-CA2","IT-CA2","3.18849550845841","0.204563334871141","yes","yes","0.00659857361127061","yes","0.0643187572424506","0.619476622204512","0.357842610465213","30.1227670477852","29.146212","2.62255834245213","5.24549578845893","0.649929118736777","1","4","Castel d'Asso2",42.3772,12.026,200,"CRO"
"IT-CA3","IT-CA3","2.7888423591202","0.273452282530025","yes","yes","0.0101205476771128","yes","2.9341951892284","0.628752746836596","0.247633801273743","35.0748634562779","32.057055",NA,NA,NA,"1","4","Castel d'Asso3",42.38,12.0222,197,"DBF"
"IT-Col","IT-Col","4.20454778792752","0.205951823934941","yes","yes","0.00860162877666961","yes","0.398721647552232","0.441174592403335","0.228951847921985","29.492329328855","31.623696","2.49810208622604","3.98097889953281","0.720414168235314","1","19","Collelongo",41.8494,13.5881,1560,"DBF"
"IT-Cp2","IT-Cp2","4.23542468741188","0.13544740830783","yes","yes","0.00625970328901341","yes","0.232115519008411","0.288097698840652","0.167630631607122","23.6801684984996","22.31815",NA,NA,NA,"1","3","Castelporziano2",41.7043,12.3573,19,"EBF"
"IT-Cpz","IT-Cpz","4.03640017269996","0.151866009519238","yes","yes","0.00756871411121986","yes","1.49751808479603","0.330088498843901","0.193283155420602","25.3375251375065","20.759811",NA,NA,NA,"1","13","Castelporziano",41.7052,12.3761,68,"EBF"
"IT-Isp","IT-Isp","4.42221295561398","0.328877358378161","yes","yes","0.0101472066205558","yes","1.38986515133655","0.746692639655889","0.239941912983454","35.850593547383","32.944256",NA,NA,NA,"1","2","Ispra ABC-IS",45.8126,8.6336,210,"DBF"
"IT-La2","IT-La2","4.71171512268704","0.187084786787608","yes","yes","0.000760773330513008","yes","-0.708916087964178","0.292783325707046","0.155862262405206","30.3276316967189","33.67014",NA,NA,NA,"1","3","Lavarone2",45.9542,11.2853,1350,"ENF"
"IT-Lav","IT-Lav","3.75111630950114","0.191833846567243","yes","yes","0.0115459373191693","yes","0.139928928048834","0.325760878809673","0.175634049185949","34.9939847434477","38.7984239999999",NA,NA,NA,"1","18","Lavarone",45.9562,11.2813,1353,"ENF"
"IT-MtM","IT-MtM","2.21056912647628","0.32335829594114","yes","yes","0.0307988348802771","yes","4.12384324331858","0.730165279677037","0.195684593886986","30.9586191500457","26.995642",NA,NA,NA,"1","6","",46.687021,10.579757,1476,"GRA"
"IT-MtP","IT-MtP","1.96690562466273","0.242442124114825","yes","yes","0.0179142519976717","yes","3.55655800342223","0.502942845251901","0.240526636846641","18.8351264404406","14.052035",NA,NA,NA,"1","6","",46.684285,10.585237,1520,"GRA"
"IT-PT1","IT-PT1","3.19402347262254","0.288429519208356","yes","yes","0.0133015546825724","yes","2.03276290882218","0.743585078336677","0.32480763554774","31.2076831961627","31.523746",NA,NA,NA,"1","3","Parco Ticino forest",45.2009,9.061,60,"DBF"
"IT-Ren","IT-Ren","2.177252460045","0.314487452413986","yes","yes","0.0326190103157807","yes","0.146595726921436","0.386942085634229","0.197015740764224","28.6190335805634","30.12006",NA,NA,NA,"1","26","Renon",46.58686,11.43369,1687,"ENF"
"IT-SRo","IT-SRo","3.66623087500804","0.168360154200681","yes","yes","0.00849824533622661","yes","0.300232811535694","0.371168427733179","0.223368038550161","28.4923582372123","24.728548","4.07601634979278","7.58181075818071","0.482392961371177","1","14","San Rossore",43.7279,10.2844,6,"ENF"
"IT-TrF","IT-TrF","1.97297804687013","0.275186099835437","yes","yes","0.0207927751055837","yes","2.79279144306479","0.404857680264356","0.156414936824758","24.1503703014088","28.4152",NA,NA,NA,"1","13","",45.82376,7.56089,2084,"DNF"
"JP-BBY","JP-BBY","1.96658525074818","0.240182220939901","yes","yes","0.00923483273162564","yes","0.0571798621425388","0.628022152526897","0.149839997330825","19.9226936604716","14.520492","3.00977745968542","3.42476787220529","0.332071090463229","9","6","Bibai bog",43.323,141.8107,15,"WET"
"MY-PSO","MY-PSO","2.07323075728664","0.357517653868945","yes","yes","0.0182234128689752","yes","-133.22204040376","0.629753667828268","0.187009045701714","27.7272390153632","29.957174",NA,NA,NA,"8","7","Pasoh Forest Reserve (PSO)",2.973,102.3062,132,"EBF"
"NL-Hor","NL-Hor","1.91248059915802","0.250747106101557","yes","yes","0.0203316330139153","yes","0.5038445775897","0.786298584701152","0.367394402247905","25.3772050024424","22.0817",NA,NA,NA,"1","8","Horstermeer",52.2403,5.0713,2.2,"GRA"
"NO-Hur","NO-Hur","7.88309030380927","0.0235021775467396","yes","yes","0.00117268572773977","yes","0.146378884070423","0.0955686065136145","0.0802997604923209","10.818950068061","5.12759999999998",NA,NA,NA,"1","2","",60.3716329214,11.0794898767,319,"ENF"
"PA-SPn","PA-SPn","1.6421844026888","0.337682676910881","yes","yes","0.000834495292496581","yes","-0.665188799202435","0.670366754901843","0.182018231972844","28.5074523299021","25.0978999999999",NA,NA,NA,"-5","3","Sardinilla Plantation",9.3181,-79.6346,78,"DBF"
"PA-SPs","PA-SPs","2.55889069598955","0.34294639941509","yes","yes","0.000413357523010417","yes","-0.974762896668785","0.79040804722116","0.0781823452240129","36.8429116666883","28.202156",NA,NA,NA,"-5","3","Sardinilla-Pasture",9.3138,-79.6314,68,"GRA"
"PE-QFR","PE-QFR","3.51868920429048","0.33697368513609","yes","yes","0.000723521232784559","yes","-1.04123285692991","0.819410712791068","0.127993555837398","42.7102714642097","40.745176",NA,NA,NA,"-5","5","",-3.8344,-73.319,101,"WET"
"RU-Che","RU-Che","1.94111363759327","0.121345891438139","yes","yes","0.00013084484034714","yes","-0.795956187764747","0.532947946690208","0.225007181468525","9.73581469201947","7.7287232",NA,NA,NA,"11","4","Cherski",68.613,161.3414,6,"WET"
"RU-Cok","RU-Cok","1.75257342371035","0.112859467524197","yes","yes","0.0081219405104578","yes","3.50420719062495","0.490074342542434","0.248959493405959","11.162191730493","8.6077209",NA,NA,NA,"11","12","Chokurdakh",70.8291,147.4943,48,"OSH"
"RU-Fy2","RU-Fy2","4.21847271255116","0.208332028220244","yes","yes","0.0118661167592751","yes","1.68428797697881","0.56781982438201","0.219078118662267","33.3109103590686","25.3692850000001",NA,NA,NA,"3","9","Fyodorovskoye dry spruce",56.4476,32.9019,275,"ENF"
"RU-Fy3","RU-Fy3","3.31483319895708","0.192630593425392","yes","yes","0.0143538929244644","yes","3.45860010707093","0.645296047853428","0.184798666096166","28.325460832665","17.608239",NA,NA,NA,"3","2","",56.4435,33.0478,271,"ENF"
"RU-Fyo","RU-Fyo","3.50291671089887","0.21606645418119","yes","yes","0.0139130762716075","yes","2.12311300191726","0.411101851372691","0.224142763988216","27.5174105520169","20.862947",NA,NA,NA,"3","26","Fyodorovskoye",56.4615,32.9221,265,"ENF"
"RU-Ha1","RU-Ha1","1.73723413941639","0.192809289947999","yes","yes","0.00714580931883991","yes","4.25010778285068","0.581685964924906","0.180450439751705","12.7678810143187","9.943472",NA,NA,NA,"7","3","Hakasia steppe",54.7252,90.0022,446,"GRA"
"RU-Sam","RU-Sam","0.5930409698798","0.0899100688891656","yes","yes","0.000206742258832471","yes","-0.332981780676225","0.472543363796233","0.161661020174653","3.17740710574343","2.0066935",NA,NA,NA,"9","1","Samoylov",72.3738,126.4958,0,"GRA"
"RU-SkP","RU-SkP","2.55475892051296","0.150603068093207","yes","yes","0.00503140967386894","yes","3.31624175715719","0.399664713994024","0.223264375567921","12.0812069534535","13.176528",NA,NA,NA,"9","3","Yakutsk Spasskaya Pad larch",62.255,129.168,246,"DNF"
"RU-Tks","RU-Tks","1.11993183232649","0.124116747287679","yes","no","0.0183402052988239","yes","7.99211577732032","0.453137617957754","0.196668630500298","11.1410900789065","7.3239208","1212418.90985695","7661564.27680249","-32.9651116863764","9","5","Tiksi",71.5943,128.8878,7,"GRA"
"RU-Vrk","RU-Vrk","1.24539924931994","0.149583578602456","yes","yes","0.0196268902218963","yes","-258.681228941403","0.536708563373664","0.13132990749037","17.2755571848622","10.831",NA,NA,NA,"3","1","Seida/Vorkuta",67.0547,62.9405,100,"CSH"
"SD-Dem","SD-Dem","2.53757726881865","0.238044868787301","yes","yes","0.00583614585060749","yes","1.98933306975249","0.640821384315808","0.235275500350617","19.5059143719776","18.943546",NA,NA,NA,"2","5","Demokeya",13.2829,30.4783,500,"SAV"
"SE-Ros","SE-Ros","4.07862147426661","0.123196230094989","yes","yes","0.00614855417494381","yes","0.98995296141813","0.352017528392293","0.212744525285249","21.4540695069344","15.080796",NA,NA,NA,"1","7","",64.1725,19.738,0,"ENF"
"SE-St1","SE-St1","1.66864156232489","0.143475854617569","yes","yes","0.0002934511188732","yes","-0.575498750323765","0.559404069693544","0.143166646264379","17.0862203029036","12.83516",NA,NA,NA,"1","8","Stordalen grassland",68.3541,19.0503,351,"WET"
"SE-Sto","SE-Sto","1.17743606158004","0.196551842517051","yes","yes","0.0179386292962753","yes","8.07506766758195","0.580344762917849","0.228995185242918","9.41272325350479","7.35",NA,NA,NA,"1","3","",68.35594288,19.04520892,351.893,"WET"
"SJ-Adv","SJ-Adv","2.17235436494455","0.0609909992065747","yes","yes","0.00907352751899027","yes","-39.383908842011","0.276259541476906","0.219640254597113","8.86492882978366","7.84801769999999","5.6545604586668","11.2962516476608","-1.27917593305601","1","4","Adventdalen",78.186,15.923,17,"WET"
"SN-Dhr","SN-Dhr","3.40843222091868","0.351955150727388","yes","yes","0.0219110321297662","yes","-125.531010640189","0.750963021378958","0.153751579686615","41.3725929136271","35.830828",NA,NA,NA,"0","4","Dahra",15.4028,-15.4322,40,"SAV"
"UK-AMo","UK-AMo","2.9307936374266","0.143281122116817","yes","yes","0.00683281357543026","yes","-0.535348200839918","0.360869768155177","0.2214501533318","18.0719635837909","12.59993",NA,NA,NA,"0","22","",55.792546,-3.2436918,268,"WET"
"US-A32","US-A32","3.58844581904034","0.296939689083093","yes","yes","0.00880599003287568","yes","1.71637455490423","0.680310049318027","0.254022013138024","34.564967547138","34.7531760000001","3.39321659207914","5.60111660238786","0.454173396533153","-6","3","",36.8193,-97.8198,335.58,"GRA"
"US-A74","US-A74","4.26900123629834","0.395510309187023","yes","yes","0.0133652949290362","yes","1.8604202815627","0.876793296295153","0.266845879960674","55.1780918242553","49.412996",NA,NA,NA,"-6","2","",36.8085,-97.5489,336.32,"CRO"
"US-ALQ","US-ALQ","1.95329779946363","0.201147700992996","yes","yes","0.000372930113525425","yes","-0.714782642893561","0.561567848860943","0.193016214550989","15.6892664647367","15.014466","3.36184957239326","9.76999527418988","0.0779542557282016","-6","6","",46.0308,-89.6067,496.61,"WET"
"US-AR1","US-AR1","2.18672736778755","0.272308628629448","yes","yes","0.00962764286549907","yes","2.73655006629579","0.557896194730099","0.335378807268804","21.1759265060941","19.161227",NA,NA,NA,"-6","4","ARM USDA UNL OSU Woodward Switchgrass 1",36.4267,-99.42,611,"GRA"
"US-AR2","US-AR2","2.30351055544871","0.19887426163734","yes","yes","0.00706764431725818","yes","2.75310290822095","0.416715942600854","0.236802306541429","16.5921442670608","17.97937",NA,NA,NA,"-6","3","ARM USDA UNL OSU Woodward Switchgrass 2",36.6358,-99.5975,646,"GRA"
"US-ARb","US-ARb","2.9879882542296","0.279820844739006","yes","yes","0.00922320632135389","yes","2.2830768542792","0.659678572345234","0.219568969187295","36.0558080023108","28.703741",NA,NA,NA,"-6","2","ARM Southern Great Plains burn site- Lamont",35.5497,-98.0402,424,"GRA"
"US-ARc","US-ARc","2.62167914387088","0.29802029992562","yes","yes","0.0102252833298893","yes","2.68654227504854","0.669512402578174","0.248323404044488","27.8596582298168","22.632956",NA,NA,NA,"-6","2","ARM Southern Great Plains control site- Lamont",35.5465,-98.04,424,"GRA"
"US-ARM","US-ARM","2.96812725316956","0.276965022735478","yes","yes","0.0111141393543765","yes","1.80969465435751","0.647091855791494","0.348168348329588","29.938704524198","30.146955","2.35060543285053","5.72302167131723","0.851262099208709","-6","22","ARM Southern Great Plains site- Lamont",36.6058,-97.4888,314,"CRO"
"US-ASH","US-ASH","2.88333870700848","0.170250361771037","yes","yes","0.00797744221370522","yes","3.19475274031268","0.61033960966021","0.246112416002687","16.9238695721675","15.100862",NA,NA,NA,"-8","1","",36.1697,-120.201,145.77,"DBF"
"US-ASM","US-ASM","2.8582403872073","0.18594841913235","yes","yes","0.00695288077994698","yes","2.97168909520166","0.612402297659748","0.285959156105806","18.3521878650373","16.932003",NA,NA,NA,"-8","1","",36.1777,-120.2026,145.31,"DBF"
"US-Atq","US-Atq","0.906563688474171","0.12180983417214","yes","yes","0.0155076803365983","yes","5.26854177453324","0.421841541755889","0.157413681474918","7.20554018351921","5.39675",NA,NA,NA,"-9","6","Atqasuk",70.4696,-157.4089,15,"WET"
"US-Bar","US-Bar","4.09181360298752","0.232386102997442","yes","yes","0.000737132337350705","yes","-0.864325573364482","0.556210298332035","0.284778445178934","27.4699815436992","25.64776",NA,NA,NA,"-5","20","",44.0646,-71.2881,270.99,"DBF"
"US-Bi1","US-Bi1","3.219968118904","0.302919909878939","yes","yes","0.0146531677746489","yes","2.97360167893964","0.753064418798423","0.353720016048071","38.559128260378","35.118914","6.39260716345318","7.37981191204664","0.379990875164841","-8","9","Bouldin Island Alfalfa",38.0992,-121.4993,-2.7,"CRO"
"US-Bi2","US-Bi2","1.93974608081477","0.154141898589336","yes","yes","0.00233359447557322","yes","1.38786219785294","0.277355616556178","0.206263298407111","9.76816917276665","0.771588929999998",NA,NA,NA,"-8","1","Bouldin Island corn",38.1091,-121.5351,-5,"CRO"
"US-Blo","US-Blo","2.45156125294229","0.271414288312017","yes","yes","0.00832808042745685","yes","2.3426210727552","0.511121524109283","0.250935948176946","18.6532480396303","17.66553",NA,NA,NA,"-8","11","Blodgett Forest",38.8953,-120.6328,1315,"ENF"
"US-BZB","US-BZB","2.05611579295776","0.151747117121367","yes","yes","0.00499866430431873","yes","3.92896349278694","0.566766335052713","0.128994304905769","11.2108125717495","7.8708352",NA,NA,NA,"-9","14","Bonanza Creek Thermokarst Bog",64.6955,-148.3208,100,"WET"
"US-BZF","US-BZF","2.7502867936928","0.148627236263193","yes","yes","0.00551955195730619","yes","2.6161764042016","0.654610763609339","0.276979812650737","15.4734266121077","12.531358",NA,NA,NA,"-9","14","Bonanza Creek Rich Fen",64.7013,-148.3121,95,"WET"
"US-BZo","US-BZo","1.58002605287145","0.166984490779556","yes","yes","0.00711250189681515","yes","5.9049190371948","0.62286122543148","0.142403140160989","10.7778464830789","8.7294925","1.80938101144974","4.90107556855708","0.576089514857973","-9","7","",64.6936,-148.33,120.45,"WET"
"US-CF1","US-CF1","4.07982513029108","0.268217388883175","yes","yes","0.000469137554186507","yes","-0.972761728371454","0.694844211827685","0.255510355051628","38.4441100046487","36.757416","1.73765205831634","4.4195420830274","0.956428530353932","-8","5","",46.7815,-117.0821,793.92,"CRO"
"US-CF2","US-CF2","3.72424163199157","0.213585768701686","yes","yes","0.000368754188861739","yes","-0.975083662906716","0.667498479789809","0.253925365918852","32.6345309851707","30.751995","1.78741960239281","4.28795622058621","0.679754123481093","-8","4","",46.784,-117.0908,790.7,"CRO"
"US-CF3","US-CF3","4.17216212795394","0.249376573303749","yes","yes","0.000461502540306614","yes","-0.98635330747398","0.712188347919744","0.258213517022308","39.3556653432394","37.895516","3.04977632769622","5.85205730842878","0.508648493106715","-8","5","",46.7551,-117.1261,782.6,"CRO"
"US-CF4","US-CF4","3.75324205448676","0.270521477085465","yes","yes","0.000427575376294846","yes","-1.0120794719194","0.753594268833879","0.249653008777307","39.2723829940171","35.232586","3.0593786698743","7.33759937401394","0.358240954713399","-8","5","",46.7518,-117.1285,783.8,"CRO"
"US-CGG","US-CGG","4.21532071317042","0.282692962197874","yes","yes","0.0128940755615846","yes","0.390255989333018","0.52501315585459","0.451120103718","38.8853847037939","33.38723",NA,NA,NA,"-8","6","",37.938,-121.9761,116.68,"GRA"
"US-CRT","US-CRT","3.27188860846453","0.356546574977431","yes","yes","0.0277084537851102","yes","3.01411411706357","0.82825897131909","0.196768509878324","45.865827727443","49.569011",NA,NA,NA,"-5","3","Curtice Walter-Berger cropland",41.6285,-83.3471,180,"CRO"
"US-CS1","US-CS1","3.89529755285972","0.332846925569849","yes","yes","0.000335567318792986","yes","-1.0444872102193","0.945582485579515","0.201638725905514","44.7233170543552","38.419153",NA,NA,NA,"-6","2","",44.1031,-89.5379,334.52,"CRO"
"US-CS2","US-CS2","3.97019569512356","0.280489752860027","yes","yes","0.00836570296095573","yes","-0.481831054885199","0.581887176135229","0.287264688690664","36.4795011373989","33.05826","5.15841607270527","7.46376274796308","0.552098491414245","-6","5","",44.1467,-89.5002,335.3,"ENF"
"US-CS3","US-CS3","3.76058377872668","0.309358059455385","yes","yes","0.000390987657791785","yes","-0.977604452016894","0.871054241173088","0.169805149619489","43.5477771951532","40.889186",NA,NA,NA,"-6","2","",44.1394,-89.5727,327.22,"CRO"
"US-CS4","US-CS4","3.79952115892052","0.284320995808213","yes","yes","0.000351975675994901","yes","-0.98212682414314","0.787456290719005","0.182316968368328","39.6064296961401","36.717",NA,NA,NA,"-6","2","",44.1597,-89.5475,329.55,"CRO"
"US-CS5","US-CS5","3.79186774174835","0.297643261897991","yes","yes","0.0159679959411752","yes","1.56398408338332","0.808079732440251","0.156563338250451","43.1740527239798","39.538722",NA,NA,NA,"-6","1","",44.1095,-89.5377,334.87,"CRO"
"US-CS6","US-CS6","3.4808478389531","0.276644052044821","yes","yes","0.0114687126311252","yes","1.58783229039074","0.745099480466632","0.275830190071019","38.789048164333","38.03135","3.79326895177505","5.8990741768898","0.163551713504708","-6","2","",44.4297,-89.544,329.12,"CRO"
"US-CS8","US-CS8","4.23955548734457","0.266527790122001","yes","yes","0.00931229425077384","yes","1.36911056080247","0.776053846153846","0.28517120073706","38.7830611295428","38.21603",NA,NA,NA,"-6","1","",44.4338,-89.5364,330.27,"CRO"
"US-Cst","US-Cst","2.86865979572042","0.341283674247939","yes","yes","0.0126270446857995","yes","2.78109548844576","0.642659365943765","0.198113405820724","26.492057236548","25.44554",NA,NA,NA,"-6","1","",33.0442,-91.9204,45.49,"ENF"
"US-DFC","US-DFC","3.63232042811486","0.296038384815487","yes","yes","0.0111251996870057","yes","1.18473555518052","0.756025474375148","0.268318343218726","32.9240584421627","42.4597279999998","2.8418888204728","5.65899562806238","0.727556144676389","-6","7","",43.3448,-89.7117,263.09,"CRO"
"US-Dmg","US-Dmg","2.15808795894659","0.342251253669342","yes","yes","0.0159798351783774","yes","4.67036065517728","0.81651329783164","0.293300764160978","27.4739557121536","25.625146",NA,NA,NA,"-8","4","",38.0015,-121.6691,1.42,"WET"
"US-DS3","US-DS3","3.45491290778036","0.361237787083507","yes","yes","0.0194020107358866","yes","1.93804882396277","0.943378285101338","0.337794347007167","50.7341434985994","46.20088",NA,NA,NA,"-8","4","",38.1235,-121.549,-5.45,"CRO"
"US-EDN","US-EDN","0.529224028216717","0.276732421374181","yes","yes","0.000393092632686398","yes","-0.409554758807974","0.669491174542824","0.105645862442598","9.62422664583826","11.460976",NA,NA,NA,"-8","2","Eden Landing Ecological Reserve",37.6156,-122.114,1.99,"WET"
"US-EML","US-EML","1.55988477144507","0.136130401205889","yes","yes","0.000207194185861508","yes","-0.596627119168332","0.533591168655881","0.210658444633856","10.8509951157264","10.88369","4.28459315330516","17.9825116064948","-0.0346238200116966","-9","13","Eight Mile Lake Permafrost thaw gradient, Healy Alaska.",63.8784,-149.2536,662,"OSH"
"US-Fcr","US-Fcr","1.59520904004975","0.103572423856069","yes","yes","0.004264065747764","yes","-177.807458838636","0.392392135857306","0.127635422598266","7.77701748773417","5.2676486",NA,NA,NA,"-9","4","",65.3968,-148.9348,324.71,"OSH"
"US-Fmf","US-Fmf","3.11796590740951","0.141916292646673","yes","yes","0.00546336753698179","yes","1.91878524451109","0.291549656145081","0.183990119595651","13.9431403867093","11.88272",NA,NA,NA,"-7","6","",35.1426,-111.7273,2192.91,"ENF"
"US-Fuf","US-Fuf","2.69940078231133","0.170467569945714","yes","yes","0.00687365720423947","yes","2.38377198445373","0.315780726252644","0.194118748417398","14.9865254448499","13.2951",NA,NA,NA,"-7","6","",35.089,-111.762,2212.43,"ENF"
"US-Fwf","US-Fwf","1.9212145222603","0.144471878406896","yes","yes","0.00360105838575934","yes","2.65264139011937","0.327919520251173","0.240323791041606","8.42927102821086","6.29764",NA,NA,NA,"-7","6","",35.4454,-111.7718,2313.48,"GRA"
"US-GBT","US-GBT","1.73748435043535","0.160814858647808","yes","yes","0.0105605026892001","yes","2.20466241779154","0.312713573977899","0.268372092994013","15.6579916882971","15.714533",NA,NA,NA,"-7","8","GLEES Brooklyn Tower",41.3658,-106.2397,3191,"ENF"
"US-GLE","US-GLE","2.76117485067589","0.164169413218997","yes","yes","0.00692120463361388","yes","1.83964572474079","0.337065466946008","0.165189258552493","18.2522216230578","16.50734",NA,NA,NA,"-7","16","GLEES",41.3665,-106.2399,3197,"ENF"
"US-Goo","US-Goo","2.89857412679823","0.26034233933178","yes","yes","0.00958230122560036","yes","-89.1813255242219","0.681609955727315","0.158892375772911","28.6395782083088","23.23555",NA,NA,NA,"-6","5","Goodwin Creek",34.2547,-89.8735,87,"GRA"
"US-HB2","US-HB2","3.71775062688046","0.231530444744981","yes","yes","0.00809210610260131","yes","1.65282417211997","0.497696016771134","0.218468966321714","24.9171576537537","25.95222",NA,NA,NA,"-5","1","",33.3242,-79.244,4.59,"ENF"
"US-HB3","US-HB3","3.47348440701549","0.219072973050987","yes","yes","0.00675379200470775","yes","1.48420461845895","0.502819006466407","0.295634527611063","24.0628341939061","18.7680460000001",NA,NA,NA,"-5","4","",33.3482,-79.2322,4.1,"ENF"
"US-Hn2","US-Hn2","3.10924016173344","0.134717993343109","yes","yes","0.00240389945683971","yes","2.53998958994417","0.12903872573342","0.189775166470988","5.71598134247812","3.5871942",NA,NA,NA,"-8","4","",46.6889,-119.4641,117.58,"GRA"
"US-Hn3","US-Hn3","6.95999080298047","0.0698393441850133","yes","yes","0.00239228547214364","yes","1.16291380872192","0.154524925595038","0.196519198935811","11.6895369382619","9.2265929",NA,NA,NA,"-8","2","",46.6878,-119.4614,120.91,"OSH"
"US-Ho1","US-Ho1","4.13089064549166","0.175993645963981","yes","yes","0.0277479724495111","yes","0.675979277033913","0.407720142782978","0.235860440164694","22.8248572355504","23.685968","4.60223712246255","5.16193525326781","0.247292767448508","-5","28","Howland Forest (main tower)",45.2041,-68.7402,60,"ENF"
"US-Ho2","US-Ho2","3.40097374317545","0.213514540333599","yes","yes","0.000849318928069323","yes","-0.640440094956353","0.401892792282976","0.228474553117672","25.836917300751","24.743295","3.00131503192964","5.92930343955767","0.768298449905168","-5","25","",45.2091,-68.747,84.14,"ENF"
"US-HWB","US-HWB","3.34844679782701","0.253802226545819","yes","yes","0.000407919110622264","yes","-0.988376548773112","0.799826751559821","0.271840995524634","39.3413277060524","41.05256",NA,NA,NA,"-5","4","",40.8608,-77.8488,349.52,"CVM"
"US-IB2","US-IB2","2.75301720097496","0.284615896404887","yes","yes","0.0144613354964378","yes","3.29981538428028","0.812212738017072","0.243323416321487","29.9879762771429","29.420924",NA,NA,NA,"-6","8","Fermi National Accelerator Laboratory- Batavia (Prairie site)",41.8406,-88.241,226.5,"GRA"
"US-ICh","US-ICh","1.12253605181882","0.120982881625753","yes","yes","0.00991954180105836","yes","7.19404080707555","0.517775447960351","0.183902336281247","7.97079139413161","6.6219264",NA,NA,NA,"-9","18","",68.6068,-149.2958,951.02,"OSH"
"US-ICs","US-ICs","1.15323839450831","0.12203116245028","yes","yes","0.0104089684263323","yes","6.43779001769333","0.535325390084876","0.179824520158995","8.87785192694917","6.719193",NA,NA,NA,"-9","18","Imnavait Creek Watershed Wet Sedge Tundra",68.6058,-149.311,920,"WET"
"US-ICt","US-ICt","1.09575344528042","0.122333345872262","yes","yes","0.00666346290683924","yes","4.0867747007354","0.487550403326392","0.185260595404311","8.67946088831328","7.4986",NA,NA,NA,"-9","17","",68.6063,-149.3041,918.8,"OSH"
"US-Ivo","US-Ivo","1.23895893067517","0.15927424519361","yes","yes","0.0111432149354001","yes","5.73594849098279","0.549946469484976","0.187931119011492","10.3510327620341","7.97147450000001",NA,NA,NA,"-9","4","Ivotuk",68.4865,-155.7503,568,"WET"
"US-Jo1","US-Jo1","2.90739618109003","0.0997550452269195","yes","yes","6.94594057647303e-09","yes","-1.514650413763","0.145769999833387","0.169269572426739","4.45075115805155","5.5356653",NA,NA,NA,"-7","13","",32.582,-106.635,1398.42,"OSH"
"US-Jo2","US-Jo2","3.20731986258845","0.0819115956891417","yes","yes","0.00136759180387023","yes","0.825419465830322","0.146425638577684","0.147329596301396","5.14825647210357","5.9347896",NA,NA,NA,"-7","11","",32.5849,-106.6032,1470.23,"OSH"
"US-KLS","US-KLS","2.8341137042392","0.283477519431664","yes","yes","0.00976862623916463","yes","0.591804452723087","0.628824753308023","0.372620092017875","30.3168735887389","25.953778","3.27331731918133","7.1181662066395","0.574788539903847","-6","8","",38.7745,-97.5684,378.48,"GRA"
"US-Kon","US-Kon","3.73537878381906","0.347495484554433","yes","yes","0.0134944927841736","yes","0.887952941385792","0.793181484769847","0.210282294174362","40.5392417265019","36.77029","3.1824488571371","8.41430297802884","0.885226938018072","-6","16","",39.0824,-96.5603,443.29,"GRA"
"US-KS1","US-KS1","2.71037128509613","0.217467419662061","yes","yes","0.00682924406840544","yes","0.853003365549444","0.539470583146972","0.170456636094309","19.3768088712427","17.4716",NA,NA,NA,"-5","2","Kennedy Space Center (slash pine)",28.4583,-80.6709,1,"ENF"
"US-KS2","US-KS2","2.42719669988522","0.249394407709791","yes","yes","0.0083117565119081","yes","2.9032801632547","0.537855475489035","0.21042469249711","20.3483457375471","16.50858",NA,NA,NA,"-5","8","Kennedy Space Center (scrub oak)",28.6086,-80.6715,3,"CSH"
"US-KS3","US-KS3","2.0748028212645","0.246593519353076","yes","yes","0.000230717111332962","yes","-0.909270900439312","0.573510695154458","0.183466624643886","17.3927904529444","18.69634",NA,NA,NA,"-5","1","",28.7085,-80.7427,0.22,"WET"
"US-Lin","US-Lin","1.6508507522539","0.1459445353797","yes","yes","0.00343122836223898","yes","2.53435196345893","0.397338812249291","0.169602135114732","8.04753528056482","11.769398",NA,NA,NA,"-8","2","Lindcove Orange Orchard",36.3566,-119.0922,131,"CRO"
"US-Los","US-Los","3.36190165489153","0.235167596918356","yes","yes","0.00973397516686858","yes","1.13251844439689","0.584406592539422","0.259290161898135","22.9168447158334","21.05077",NA,NA,NA,"-6","15","Lost Creek",46.0827,-89.9792,480,"WET"
"US-LS2","US-LS2","2.90846298499331","0.248544955365527","yes","yes","0.00488424319438488","yes","2.01862194112746","0.503842305880454","0.305526340586045","19.2223417694814","17.0364",NA,NA,NA,"-7","6","",31.5659,-110.1344,1240.49,"SAV"
"US-LWW","US-LWW","2.31332536124029","0.198630052751017","yes","yes","0.0064897817419505","yes","-87.1536086504532","0.539325842696629","0.191688742541655","21.3008995178105","17.818",NA,NA,NA,"-6","2","Little Washita Watershed",34.9604,-97.9789,365,"GRA"
"US-Me1","US-Me1","2.78906844303209","0.140496378032731","yes","yes","0.00715693211072594","yes","3.50973243372495","0.239299488066318","0.19427520195562","7.49125542236726","7.60538",NA,NA,NA,"-8","2","Metolius - Eyerly burn",44.5794,-121.5,896,"ENF"
"US-Me2","US-Me2","3.772295413153","0.188804117623576","yes","yes","0.00970019633885094","yes","1.67592719238807","0.334946592543265","0.209360706602031","21.4894562459965","19.64813",NA,NA,NA,"-8","21","Metolius mature ponderosa pine",44.4526,-121.5589,1253,"ENF"
"US-Me3","US-Me3","2.44619190510107","0.13230770035319","yes","yes","0.00100530162219223","yes","-0.611594802975558","0.321343454095015","0.164644017976322","10.0075067863274","9.8980144","1.4656658532469","4.61938794998371","0.933135219481366","-8","6","Metolius-second young aged pine",44.3154,-121.6078,1005,"ENF"
"US-Me4","US-Me4","-0.0232056028141679","0.0737501296242267","yes","yes","0.0012013301754192","yes","-8.42716534620178","0.5","0","15.7060733927599","22.9554909999999",NA,NA,NA,"-8","5","Metolius-old aged ponderosa pine",44.4992,-121.6224,922,"ENF"
"US-Me5","US-Me5","2.83187508357712","0.12533805148347","yes","yes","0.00497989779676291","yes","1.11112536289363","0.276485303314572","0.153361786382385","11.3923064354273","10.54664",NA,NA,NA,"-8","3","Metolius-first young aged pine",44.4372,-121.5668,1188,"ENF"
"US-Me6","US-Me6","3.42754695423215","0.130687208100968","yes","yes","0.00437388326206191","yes","0.936473119580649","0.279282537711548","0.16967058570899","12.7222654896305","12.377906","2.50944266856558","4.31348586281532","0.377601383710968","-8","15","Metolius Young Pine Burn",44.3233,-121.6078,998,"ENF"
"US-Mo1","US-Mo1","3.70978501712026","0.286280299889223","yes","yes","0.0134598716838241","yes","1.79289533386075","0.759624541723543","0.288830189025992","47.5666914320009","42.418176","3.18790466556394","5.02649697120429","0.754879121621213","-6","10","",39.2298,-92.1167,263.48,"CRO"
"US-Mo2","US-Mo2","2.68541662451274","0.30242910434047","yes","yes","0.0112278836458688","yes","2.09869037181492","0.779246616094006","0.195707016021779","30.2554927154166","25.965358",NA,NA,NA,"-6","7","",38.9488,-91.9945,273.62,"GRA"
"US-Mo3","US-Mo3","3.90885646724201","0.286763039488467","yes","yes","0.0108508822823425","yes","1.18980820443846","0.839001937702571","0.248022409371967","43.8616099939994","41.472448","2.24720407471629","3.07451461905269","0.812253932290495","-6","6","",39.2322,-92.1493,264.06,"CRO"
"US-MOz","US-MOz","3.06665273285803","0.318198571166189","yes","yes","0.0120169221577747","yes","2.22293423867117","0.690246141145207","0.287999412837424","28.7935519500014","30.80162","1.81073972399197","4.22539938844474","0.872591095924503","-6","18","",38.7441,-92.2,238.51,"DBF"
"US-Mpj","US-Mpj","3.24717930277296","0.0934740400516554","yes","yes","0.000463626702710539","yes","-0.711486572548353","0.143781804625866","0.149962953925342","7.92099170825878","6.8360624",NA,NA,NA,"-7","5","",34.4384,-106.2377,2193.94,"WSA"
"US-Myb","US-Myb","2.09124017694311","0.323352534683094","yes","yes","0.000733735300134002","yes","-0.69413894510812","0.745112361849593","0.307733206579855","27.2661727614161","26.092121","2.82720453039378","4.08327359687805","0.63383463888055","-8","12","Mayberry Wetland",38.0499,-121.765,-4,"WET"
"US-NC1","US-NC1","2.71094585450132","0.358524708149999","yes","yes","0.0311980461291543","yes","4.46975937666059","0.7437759947409","0.274674395464707","36.2180483782995","26.499744","5.56989704146867","12.8899486621119","0.493561204968673","-5","8","",35.8118,-76.7119,6.07,"OSH"
"US-NC3","US-NC3","2.07064908689449","0.430051242544974","yes","yes","0.0421685537638946","yes","3.90049471689985","0.761142555217226","0.221715133395833","29.9251892597706","25.113541","5.35099998402063","7.48344286695974","0.0398911546358856","-5","9","",35.799,-76.656,5.08,"ENF"
"US-NGB","US-NGB","0.512538091269026","0.0830321955744091","yes","yes","0.0153002138982366","yes","5.44624896175219","0.363754993209285","0.122603565198642","7.53849172556601","8.952477",NA,NA,NA,"-9","12","NGEE Arctic Barrow",71.28,-156.6092,5.273,"SNO"
"US-NGC","US-NGC","2.33400899294984","0.0956472860868501","yes","yes","0.00430675909480235","yes","3.10207914509356","0.385736833781673","0.132024849530943","10.4734257298079","8.24384","1.85935990338309","3.53523950052043","0.400535776804381","-9","7","NGEE Arctic Council",64.8618,-163.7002,35,"GRA"
"US-NR1","US-NR1","2.35061030397325","0.180808106953521","yes","yes","0.00811142972991498","yes","1.88411558851994","0.384043337500401","0.220430974377618","15.9258546537645","15.14823",NA,NA,NA,"-7","19","Niwot Ridge Forest (LTER NWT1)",40.0329,-105.5464,3050,"ENF"
"US-Oho","US-Oho","3.70882377124161","0.31779365202211","yes","yes","0.0149775089474709","yes","2.12795454147982","0.7786653211255","0.235150688537651","37.946981329822","36.072156","2.1669346432698","3.7331051012688","0.823567290112133","-5","10","Oak Openings",41.5545,-83.8438,230,"DBF"
"US-ONA","US-ONA","2.60538503074703","0.241801047023504","yes","yes","0.00685688304529702","yes","1.5269922105361","0.588218043304194","0.200198163877702","20.2762510521978","16.716226","2.97628346093865","4.4431498870412","0.322239304377064","-7","7","",40.1776,-112.4524,1655.33,"GRA"
"US-OWC","US-OWC","2.46119644951264","0.322055761063757","yes","yes","0.132888786625002","yes","16.867337719","0.761459850394695","0.230248387912247","22.3357953831281","25.910326",NA,NA,NA,"-5","2","Old Woman Creek",41.3795,-82.5125,174,"WET"
"US-PFb","US-PFb","3.33422912256739","0.27452855179035","yes","yes","0.0138534978184568","yes","2.5107359764847","0.632830130351899","0.148882677304528","32.6627360716594","29.70626",NA,NA,NA,"-6","1","",45.972,-90.3232,471.08,"ENF"
"US-PFc","US-PFc","2.42230921098534","0.158456504983974","yes","yes","0.00730721813753969","yes","1.95536642609133","0.718510170128267","0.158313010731727","13.7093583492993","13.83683",NA,NA,NA,"-6","1","",45.9677,-90.3088,471.03,"DBF"
"US-PFd","US-PFd","2.44152278501669","0.187052334233152","yes","yes","0.00837850296957788","yes","1.61829331763238","0.649784450011071","0.149169886455491","18.3246245588175","15.5592",NA,NA,NA,"-6","1","",45.9689,-90.301,464.13,"WET"
"US-PFk","US-PFk","2.9746798150666","0.281538529221607","yes","yes","0.0192274327304848","yes","2.89104108494197","0.727210488253182","0.172299239125617","32.1787014636074","30.36737",NA,NA,NA,"-6","1","",45.9149,-90.3425,466.79,"DBF"
"US-PFL","US-PFL","3.36990476052086","0.343334775997285","yes","yes","0.0225732665715464","yes","2.01052333182302","0.790790321635714","0.186758795205065","38.3956115235909","33.6823",NA,NA,NA,"-6","1","",45.9409,-90.3177,467.29,"DBF"
"US-PFm","US-PFm","3.3074782930273","0.3139420298736","yes","yes","0.0234853062261487","yes","2.95867499627245","0.706205325308661","0.165647409387219","36.3610930427318","34.35924",NA,NA,NA,"-6","1","",45.9207,-90.3099,468,"DBF"
"US-PFn","US-PFn","4.07269382056668","0.264466198475041","yes","yes","0.0144437955329237","yes","1.74594713216229","0.71776613699483","0.16620272407281","36.8345776406629","36.48808",NA,NA,NA,"-6","1","",45.9392,-90.2823,474.29,"DBF"
"US-PFp","US-PFp","3.59655748557766","0.242636099903075","yes","yes","0.015638324606206","yes","2.31995061739592","0.640548420730603","0.18344934887883","28.1139729787592","28.87678",NA,NA,NA,"-6","1","",45.9365,-90.2641,476.92,"DBF"
"US-PFq","US-PFq","3.15144014659911","0.30657677247925","yes","yes","0.022048477115328","yes","3.2161039142927","0.726415817671245","0.182139970457954","35.1548401994331","34.0988",NA,NA,NA,"-6","1","",45.9271,-90.2475,474.08,"DBF"
"US-PFt","US-PFt","3.48796065143935","0.247420032243557","yes","yes","0.0142167757812902","yes","2.32963010908681","0.619137873448028","0.132239934814911","30.5949532973338","27.86214",NA,NA,NA,"-6","1","",45.9197,-90.2288,472.18,"ENF"
"US-PSH","US-PSH","2.61718419708665","0.0973068129578757","yes","yes","0.00343622173956449","yes","2.87797314459827","0.404470554231768","0.139229619523821","8.61759567968969","7.5926105",NA,NA,NA,"-8","1","",36.2347,-119.9247,69.44,"DBF"
"US-PSL","US-PSL","3.18395347283661","0.22206446564997","yes","yes","0.00927690088248825","yes","3.0184897965996","0.609779385993789","0.351383297611476","24.3168455661738","20.354039",NA,NA,NA,"-8","1","",36.8276,-120.1397,65.58,"DBF"
"US-RGA","US-RGA","4.92080741478123","0.300247449547988","yes","yes","0.00991952022691944","yes","0.911394038075396","0.769901497524867","0.210816736981647","51.9298370773496","54.728644",NA,NA,NA,"-6","4","",34.4159,-91.6733,59.09,"CRO"
"US-RGB","US-RGB","4.07319046612923","0.253838711689497","yes","yes","0.00765360529707304","yes","0.220396409461881","0.901983020017759","0.281400851945762","39.565291551011","34.882264",NA,NA,NA,"-8","4","",39.5782,-121.8579,33.29,"CRO"
"US-RGF","US-RGF","4.38539027355131","0.390939000459267","yes","yes","0.0284938156376203","yes","2.51359621585274","0.80469500142358","0.251735741714331","60.6338578791865","47.746284",NA,NA,NA,"-8","2","",37.6995,-121.1369,16,"CRO"
"US-RGo","US-RGo","3.94284584116741","0.238351239974748","yes","yes","0.00499463423566249","yes","0.920155847413364","0.64768078658166","0.445359619436242","29.0325595200524","26.187512",NA,NA,NA,"-8","4","",39.6805,-122.0026,40.39,"CRO"
"US-RGW","US-RGW","3.30782052366005","0.324584389051869","yes","yes","0.0128012796156319","yes","1.15091330921412","0.91243147056532","0.219812075261756","43.3346808106262","46.33815",NA,NA,NA,"-6","3","",33.6216,-91.4306,43.2,"CRO"
"US-Rls","US-Rls","3.16881248396943","0.166876416313054","yes","yes","0.00609269269593921","yes","2.52244446325485","0.315213754698583","0.305044109029917","14.0965238332532","11.964064",NA,NA,NA,"-7","10","",43.1439,-116.7356,1618.86,"CSH"
"US-Rms","US-Rms","2.84591889781341","0.255590132857085","yes","yes","0.00894066190745785","yes","2.36035306866061","0.519040457348243","0.316440237328687","19.9983954793036","18.60408",NA,NA,NA,"-7","10","",43.0645,-116.7486,2110.28,"CSH"
"US-Ro1","US-Ro1","3.69604034544203","0.307014467810389","yes","yes","0.0201856087841869","yes","1.68219445418308","0.81946970182582","0.219825194817995","60.9198747711877","50.245197",NA,NA,NA,"-6","13","",44.7143,-93.0898,287.57,"CRO"
"US-Ro2","US-Ro2","3.00077320910279","0.258588261825247","yes","yes","0.0460700761212148","yes","-2.87042358961891","0.774383740837696","0.236100828713429","41.980406872474","38.951746",NA,NA,NA,"-6","6","",44.7288,-93.0888,287.31,"CRO"
"US-Ro3","US-Ro3","3.56859844803894","0.287696918618018","yes","yes","0.0184490750258404","yes","2.01063201569062","0.719505499190042","0.237449401349202","50.6495454471853","52.8880449999999","2.54286334304024","5.98085064239417","0.603836540822468","-6","4","",44.7217,-93.0893,283.8,"CRO"
"US-Ro4","US-Ro4","4.31582253454849","0.229555899459613","yes","yes","0.00794568652880851","yes","0.977645676270763","0.656232129674877","0.214364381956336","39.4386623184731","34.003148",NA,NA,NA,"-6","11","",44.6781,-93.0723,265.21,"GRA"
"US-Ro5","US-Ro5","4.60954595567586","0.264081937960872","yes","yes","0.0112014935237558","yes","0.852953081477646","0.802829616652786","0.242417773746715","60.2445423134145","52.495913",NA,NA,NA,"-6","8","",44.691,-93.0576,283.48,"CRO"
"US-Ro6","US-Ro6","3.38949970965857","0.267804625461952","yes","yes","0.0103191369630637","yes","1.76571515366067","0.80773496521953","0.247262079071886","39.3797820242397","35.286499",NA,NA,NA,"-6","8","",44.6946,-93.0578,283.19,"CRO"
"US-Rpf","US-Rpf","2.58789277526168","0.140335935176647","yes","yes","0.00663291873798974","yes","3.04207514084368","0.511390027480408","0.1897544900648","19.8225161085939","14.7847",NA,NA,NA,"-9","16","",65.1198,-147.429,487.7,"DBF"
"US-RRC","US-RRC","2.55007284423225","0.38139037096856","yes","yes","0.000667218910301662","yes","-1.01853960514216","0.802095876441521","0.181802376247679","31.5101931615788","25.45324","4.35084081281236","6.63636444460167","0.32768092042557","-5","3","",37.3344,-77.2065,0.67,"WET"
"US-Rwe","US-Rwe","1.91080614681914","0.194012761392285","yes","yes","0.004265626470763","yes","-0.688055502031256","0.489027739800028","0.22626782565972","12.1071792517332","10.669606","1.64613644972731","2.9471401511117","0.446782966509486","-7","5","",43.0653,-116.7591,2095.4,"CSH"
"US-Rwf","US-Rwf","2.5723192481919","0.245723321799804","yes","yes","0.00845001145662283","yes","2.40117127339325","0.615457324776444","0.283242194451384","19.3057456504535","17.573926",NA,NA,NA,"-7","10","",43.1207,-116.7231,1882.6,"CSH"
"US-Rws","US-Rws","3.57029182493647","0.0971314980281251","yes","yes","0.00359526923298365","yes","2.2299622319315","0.239766906798528","0.240619556551271","8.97411277217768","8.3731675","1.20934296024071","2.38875552981998","0.367886840621347","-7","10","",43.1675,-116.7132,1424.62,"OSH"
"US-Seg","US-Seg","2.39790245513679","0.104201760722197","yes","yes","0.000103443012586477","yes","-1.23936879265508","0.20376502280462","0.185579906190473","6.97411370692577","7.4567833","0.459853144268455","1.08597792337159","0.759756236217419","-7","15","",34.3623,-106.7019,1594.51,"GRA"
"US-Ses","US-Ses","1.71164876028834","0.0802589404636187","yes","yes","0.000102545956366637","yes","-1.04948058877475","0.170987960742654","0.15047841883859","3.25296731242255","4.2630357",NA,NA,NA,"-7","15","",34.3349,-106.7442,1599.98,"OSH"
"US-Sne","US-Sne","2.54775442238414","0.288225584826656","yes","yes","0.00950936210141036","yes","3.16410857085795","0.686377800571038","0.274256052267089","23.2367134282655","16.919221",NA,NA,NA,"-8","4","Sherman Island Restored Wetland",38.0369,-121.7547,-5,"GRA"
"US-Snf","US-Snf","2.59402383503597","0.233210389752796","yes","yes","0.00816341864767044","yes","2.95278631406454","0.595468113017428","0.219727614228006","22.4688915511132","20.4233",NA,NA,NA,"-8","3","",38.0402,-121.7272,-4.07,"GRA"
"US-SP1","US-SP1","2.63058746683343","0.24650373975503","yes","yes","0.00920023846861476","yes","0.898487150618402","0.496031180133227","0.202826939986198","21.8948257396844","22.2192949999999","3.18367617026851","4.29713554570558","0.0996210322659405","-5","21","",29.7381,-82.2188,47.22,"ENF"
"US-SRC","US-SRC","2.2506194452873","0.101234397581896","yes","yes","0.00150034700168836","yes","2.23310409435663","0.172809172809173","0.154507240202273","5.04772315797087","5.1705229",NA,NA,NA,"-7","7","Santa Rita Creosote",31.9083,-110.8395,950,"OSH"
"US-SRG","US-SRG","2.69235739816206","0.203006020025064","yes","yes","0.00370369164829622","yes","2.10819661514817","0.40430924024175","0.298452108676489","17.6798929109988","16.742988",NA,NA,NA,"-7","17","Santa Rita Grassland",31.7894,-110.8277,1291,"GRA"
"US-SRM","US-SRM","2.70708282411493","0.182169737296639","yes","yes","0.00293485714528929","yes","1.94276254761856","0.344100724701905","0.289114122685222","12.6124281610159","15.1984",NA,NA,NA,"-7","20","Santa Rita Mesquite",31.8214,-110.8661,1120,"WSA"
"US-Srr","US-Srr","2.66314303022253","0.281894552581018","yes","yes","0.00908547735402637","yes","1.45695228033519","0.55626307215623","0.180601305498423","27.8245774465198","21.8864719999999",NA,NA,NA,"-8","4","Suisun marsh - Rush Ranch",38.2006,-122.0264,8,"WET"
"US-SRS","US-SRS","4.28651887261677","0.14526876377651","yes","yes","0.00208853266549653","yes","0.479927829105187","0.205138247263059","0.27005277372789","12.9701748307422","12.57627",NA,NA,NA,"-7","8","",31.8173,-110.8508,1167.63,"WSA"
"US-SSH","US-SSH","3.17188110527662","0.263879620069127","yes","yes","0.000553559516137223","yes","-0.938308378297706","0.599280438767348","0.266793071847652","22.77933616997","24.701149",NA,NA,NA,"-5","4","",40.6658,-77.9041,302.33,"DBF"
"US-StJ","US-StJ","4.08560237920214","0.230558833496231","yes","yes","0.00662564084123235","yes","-0.966607904757819","0.533528503181477","0.180556664200221","32.4201345774233","28.983373",NA,NA,NA,"-5","3","St Jones Reserve",39.0882,-75.4372,6.7,"WET"
"US-Syv","US-Syv","3.51379243725581","0.209073186902375","yes","yes","0.0124897787423465","yes","0.785685502805744","0.602854168877212","0.232074626361975","28.651143575713","23.690139","4.51206521363095","7.89141367352557","0.210205118011386","-6","23","Sylvania Wilderness Area",46.242,-89.3477,540,"MF"
"US-Ton","US-Ton","3.05321932219087","0.19602466026008","yes","yes","0.0071525558352018","yes","2.20111933009804","0.351722166018739","0.278002001128923","18.4186480914527","18.56613",NA,NA,NA,"-8","24","Tonzi Ranch",38.4309,-120.966,177,"WSA"
"US-Tw1","US-Tw1","2.64081914067752","0.37724735263711","yes","yes","0.000698452734668007","yes","-0.907178175740443","0.738885972312168","0.335648458150408","31.5777297816522","27.492105",NA,NA,NA,"-8","13","Twitchell Wetland West Pond",38.1074,-121.6469,-5,"WET"
"US-Tw2","US-Tw2","4.70691654927274","0.275412426489127","yes","yes","0.00622886571518351","yes","0.792691576599381","0.594670575900686","0.314769103210669","40.6814558203262","30.510124",NA,NA,NA,"-8","2","Twitchell Corn",38.0969,-121.6365,-5,"CRO"
"US-Tw3","US-Tw3","3.27085395793381","0.281950292579638","yes","yes","0.0114360662662422","yes","2.65716608946801","0.738077461986226","0.288716883480263","33.5568318890949","30.264036",NA,NA,NA,"-8","6","Twitchell Alfalfa",38.1152,-121.6469,-4,"CRO"
"US-Tw4","US-Tw4","2.64224269505979","0.343153185155384","yes","yes","0.0110830886621354","yes","3.30503487402006","0.793067210353134","0.328491312570324","29.5317500176025","26.130379",NA,NA,NA,"-8","11","Twitchell East End Wetland",38.1027,-121.6413,-5,"WET"
"US-Tw5","US-Tw5","2.51829022795501","0.319760054885007","yes","yes","0.000600984359202179","yes","-0.899340902814237","0.839302317736968","0.250728677890744","24.1832635840578","19.94061",NA,NA,NA,"-8","2","East Pond Wetland",38.1072,-121.6426,-5,"WET"
"US-Twt","US-Twt","2.71569518331388","0.349158189683976","yes","yes","0.0238742353245509","yes","3.15415139597507","0.948457271611259","0.266617731813795","41.0672054041457","37.863734","3.6724136432562","7.40146797493706","0.760727363410761","-8","9","Twitchell Island",38.1087,-121.6531,-7,"CRO"
"US-UC1","US-UC1","4.2051603327571","0.248742534467872","yes","yes","0.00908472478644547","yes","0.891546542935389","0.72973304817354","0.233952141070293","48.3717623372963","48.6154",NA,NA,NA,"-5","6","",40.7536,-78.0056,390.06,"CVM"
"US-UC2","US-UC2","4.67792931478782","0.243534743849349","yes","yes","0.0093781460952659","yes","0.789765320446531","0.714929974641862","0.237000916621171","51.3666858120971","49.425803",NA,NA,NA,"-5","6","",40.7559,-77.9998,395.54,"CVM"
"US-UMd","US-UMd","3.51214470807001","0.255692368211075","yes","yes","0.00109237395898267","yes","-0.604165181279571","0.550596519700735","0.242915484019258","30.4615254450065","31.446642",NA,NA,NA,"-5","17","UMBS Disturbance",45.5625,-84.6975,239,"DBF"
"US-UTB","US-UTB","0.602663028412143","0.0833890174890027","yes","yes","0.00369392152955452","yes","7.89057515823148","0.367461772928089","0.543729052412978","1.19271211475499","2.7798592",NA,NA,NA,"-7","3","",40.7848,-113.8299,1285.27,"BSV"
"US-Var","US-Var","2.56797710299063","0.216082954509214","yes","yes","0.0111070039658219","yes","2.95124720561922","0.622210856083371","0.21481377634173","24.9938666292909","21.641173",NA,NA,NA,"-8","13","Vaira Ranch- Ione",38.4133,-120.9508,129,"GRA"
"US-Vcm","US-Vcm","1.88570290138186","0.195517857352837","yes","yes","0.00489460695188402","yes","-0.499273413277868","0.354152571313552","0.242110885723242","12.3686778708507","13.240308","1.47164089518925","2.83282701903353","0.555284614491655","-7","17","",35.8884,-106.5321,3033.99,"ENF"
"US-Vcp","US-Vcp","3.00363338989191","0.197237536843687","yes","yes","0.00377094989627363","yes","-0.621931138107301","0.28610113230285","0.216490625669456","17.2612835734059","17.778761","2.87213282561529","5.15623540838836","0.823828785372236","-7","18","",35.8624,-106.5974,2485.37,"ENF"
"US-WCr","US-WCr","2.71378872409996","0.26777969563879","yes","yes","0.0256186212779076","yes","2.40910570335157","0.653551035755197","0.292531321610035","33.9719815508059","29.90572",NA,NA,NA,"-6","12","Willow Creek",45.8059,-90.0799,520,"DBF"
"US-Whs","US-Whs","1.33250667933894","0.123934172013507","yes","yes","0.00236151293421492","yes","4.45922105448355","0.263427513269817","0.215629420918923","4.94475387114683","5.4983154",NA,NA,NA,"-7","14","Walnut Gulch Lucky Hills Shrub",31.7438,-110.0522,1370,"OSH"
"US-Wi0","US-Wi0","3.17484171205907","0.224755500275095","yes","yes","0.00845627302568152","yes","1.34428229494746","0.73496408089255","0.239906035640725","25.3489530923227","24.694592","2.42340474857901","2.72394702630843","0.638930964754336","-6","1","Young red pine (YRP)",46.6188,-91.0814,349,"ENF"
"US-Wi1","US-Wi1","5.29896780212168","0.29435135937069","yes","yes","0.0158259848402347","yes","0.822661232818293","0.661361304422375","0.421721340323887","48.4543159518034","29.68876","6.15394403603333","18.4646419552246","0.686653467087636","-6","1","Intermediate hardwood (IHW)",46.7305,-91.2329,352,"DBF"
"US-Wi2","US-Wi2","3.89414243487308","0.182251421487135","yes","yes","0.00720871586915939","yes","1.13977247725512","0.437066146337179","0.356873198034155","29.7933267582786","28.88355","1.66765949080568","3.34328988384504","0.719662156597947","-6","1","Intermediate red pine (IRP)",46.6869,-91.1528,395,"ENF"
"US-Wi3","US-Wi3","3.46897189348126","0.239216041053064","yes","yes","0.00797088656996195","yes","0.0497513054834569","0.634875295931289","0.300869771481184","9999.00000664685","9999",NA,NA,NA,"-6","3","Mature hardwood (MHW)",46.6347,-91.0987,411,"DBF"
"US-Wi4","US-Wi4","4.16656863890046","0.186989787891081","yes","yes","0.00570153806165033","yes","-0.0949333548946578","0.462971714538707","0.249096584225774","26.1307824533991","29.3748199999999","2.88298342376251","6.18238811855968","0.754393210579938","-6","4","Mature red pine (MRP)",46.7393,-91.1663,352,"ENF"
"US-Wi5","US-Wi5","3.43448283450193","0.174310653261436","yes","yes","0.000476904593760434","yes","-0.756944191159392","0.539846375420067","0.251817862305672","23.300998829798","24.134989",NA,NA,NA,"-6","1","Mixed young jack pine (MYJP)",46.6531,-91.0858,353,"ENF"
"US-Wi6","US-Wi6","2.32936154047076","0.202854810127465","yes","yes","0.00772226591704075","yes","1.84307297803117","0.637973375720246","0.199365537985949","17.9201441935004","18.314533",NA,NA,NA,"-6","2","Pine barrens #1 (PB1)",46.6249,-91.2982,371,"OSH"
"US-Wi7","US-Wi7","2.36969338796364","0.177348079946853","yes","yes","0.000315279591431574","yes","-0.849035349012819","0.458963353151582","0.192412728122317","14.5461915495454","14.68876",NA,NA,NA,"-6","1","Red pine clearcut (RPCC)",46.6491,-91.0693,335,"OSH"
"US-Wi8","US-Wi8","3.34211100449695","0.17794466147198","yes","yes","0.0063618024501305","yes","1.23524534364758","0.626107852108386","0.182367136407548","18.2628834271197","13.397768",NA,NA,NA,"-6","1","Young hardwood clearcut (YHW)",46.7223,-91.2524,348,"DBF"
"US-Wi9","US-Wi9","2.68148719637993","0.150684417200305","yes","yes","0.000535535717322864","yes","-0.687982023178217","0.43723207831291","0.23655895457857","16.9713335604326","17.74174",NA,NA,NA,"-6","2","Young Jack pine (YJP)",46.7385,-91.0746,350,"ENF"
"US-Wjs","US-Wjs","2.87239065759817","0.123856302164043","yes","yes","0.00108721225277264","yes","-0.799390783901522","0.191546639907834","0.197936292974057","8.49354893205264","8.12904200000001","1.22006727043833","2.57608226302053","-0.495891947544005","-7","18","",34.4255,-105.8615,1929.02,"SAV"
"US-Wkg","US-Wkg","2.24963679602205","0.164837310487284","yes","yes","0.00292656514803405","yes","1.8548074419376","0.371135973360508","0.251534683837823","10.5908377239322","11.08095",NA,NA,NA,"-7","18","Walnut Gulch Kendall Grasslands",31.7365,-109.9419,1531,"GRA"
"US-WPT","US-WPT","1.9680002323048","0.288594743465502","yes","yes","0.00032139689870447","yes","-0.958708387616236","0.828237352250352","0.130552642986116","20.2101674124323","19.03788",NA,NA,NA,"-5","3","Winous Point North Marsh",41.4646,-82.9962,175,"WET"
"US-xAB","US-xAB","3.04014943379986","0.215211633647939","yes","yes","0.00959708513804023","yes","1.89441033184907","0.449007659193828","0.18207016809431","23.2541592541528","21.513404",NA,NA,NA,"-8","6","",45.7624,-122.3303,364.39,"ENF"
"US-xAE","US-xAE","2.31732925301898","0.246807641616199","yes","yes","0.00482464966352773","yes","2.2338792788207","0.528941646177359","0.288443205804357","17.1429165699092","14.628231",NA,NA,NA,"-6","6","",35.4106,-99.0588,520.07,"GRA"
"US-xBA","US-xBA","0.508868668750096","0.0724923462985723","yes","yes","0.0106116348022988","yes","5.63275746745472","0.31633640454785","0.161830990753495","7.02180463453522","5.6718298","1.16383600961019","5.35304319643059","0.966276217795443","-9","6","",71.2824,-156.6194,5.29,"WET"
"US-xBL","US-xBL","3.32550240436948","0.268959542347129","yes","yes","0.00920907899713418","yes","2.18036520292531","0.643719254340538","0.278912043532705","28.2972852810362","26.697085",NA,NA,NA,"-5","6","",39.0603,-78.0716,182.57,"DBF"
"US-xBN","US-xBN","2.49677726581533","0.128774030999999","yes","yes","0.00480591617544315","yes","3.12150545364913","0.375144560508538","0.168838250003644","14.2746743871893","10.234463",NA,NA,NA,"-9","6","",65.154,-147.5026,232.79,"ENF"
"US-xBR","US-xBR","3.41827271692229","0.271456356325214","yes","yes","0.0107844153439914","yes","2.45035636553372","0.637467919953395","0.266392237994807","28.4286888505348","27.40636",NA,NA,NA,"-5","6","",44.0639,-71.2873,275.02,"DBF"
"US-xCL","US-xCL","2.81272450040521","0.335517634324652","yes","yes","0.00806923553884211","yes","1.84050566440057","0.70651876705686","0.276348428062292","26.26680983792","27.395452",NA,NA,NA,"-6","6","",33.4012,-97.57,272.26,"GRA"
"US-xCP","US-xCP","2.09215710128757","0.173443832276969","yes","yes","0.00429284139445279","yes","1.82576474603038","0.460709064785723","0.293765446984699","12.0147679724431","15.116096",NA,NA,NA,"-7","6","",40.8155,-104.7456,1653.93,"GRA"
"US-xDC","US-xDC","2.37147073847777","0.271981037057155","yes","yes","0.0115741152121834","yes","2.94980498730028","0.700668490192259","0.231709004067428","23.0366039943954","18.29292",NA,NA,NA,"-6","6","",47.1617,-99.1066,575.6,"GRA"
"US-xDJ","US-xDJ","2.51376018586327","0.107917489762143","yes","yes","0.00573672023441154","yes","3.48097987943283","0.322026318854082","0.16886242938285","12.5785860990133","8.54088","1.77009003336033","3.9470152069433","0.90041401033171","-9","6","",63.8811,-145.7514,506.78,"ENF"
"US-xDL","US-xDL","3.3387574014678","0.356965295425771","yes","yes","0.0123580059900061","yes","1.60511910354909","0.71792759300687","0.239933637060798","36.5640643323686","37.7086",NA,NA,NA,"-6","6","",32.5417,-87.8039,24.59,"MF"
"US-xDS","US-xDS","2.28396036066979","0.236117459104844","yes","yes","0.00559568618891635","yes","2.56613644681156","0.528206157118945","0.227344565299976","17.50560885436","15.05979",NA,NA,NA,"-5","6","",28.125,-81.4362,20.7,"CVM"
"US-xGR","US-xGR","4.13813321974428","0.304686635874286","yes","yes","0.0127273483076271","yes","1.31901849176147","0.753538085120082","0.196762536248577","41.5318931300217","32.8186","5.17552940383343","8.30259014255187","0.382075298224278","-5","6","",35.689,-83.5019,576.55,"DBF"
"US-xHA","US-xHA","3.76130066710977","0.276458127268726","yes","yes","0.0133826502243834","yes","2.06889388815628","0.706841719873439","0.269849066860341","35.9216878959725","32.418376",NA,NA,NA,"-5","6","",42.5369,-72.1727,348.23,"DBF"
"US-xHE","US-xHE","1.97581065093659","0.12501825517556","yes","yes","0.00552212181473438","yes","3.34138502176372","0.487706123656972","0.185827261273116","11.1825215685168","8.6043512","3.02101438782917","4.01526726735676","0.0468444272929672","-9","6","",63.8757,-149.2133,677.56,"OSH"
"US-xJE","US-xJE","2.88114522842451","0.31367164456452","yes","yes","0.0112140410402191","yes","2.60945379249773","0.641971163301117","0.24059051028516","27.9222870314453","27.62116",NA,NA,NA,"-5","6","",31.1948,-84.4686,46.53,"ENF"
"US-xJR","US-xJR","1.6693567069212","0.116916952106366","yes","yes","0.00177684002903556","yes","2.22753751593863","0.25098053198317","0.163793493725838","4.47924212669005","10.897087",NA,NA,NA,"-7","6","",32.5907,-106.8425,1323.42,"OSH"
"US-xKA","US-xKA","3.06938277158151","0.289086985101747","yes","yes","0.00954191557487484","yes","1.37180660574635","0.745672632151216","0.294901849128337","33.616242380587","39.9850849999999",NA,NA,NA,"-6","6","",39.1104,-96.6129,324.14,"GRA"
"US-xKZ","US-xKZ","3.38382907136009","0.300163937363796","yes","yes","0.00816263990402921","yes","1.23089099338671","0.765073321791326","0.224491912072571","31.8931796107521","30.7417",NA,NA,NA,"-6","6","",39.1008,-96.5631,415.06,"GRA"
"US-xMB","US-xMB","1.76395571660184","0.080338885763365","yes","yes","0.00131670774636072","yes","2.75723168509508","0.239256259536579","0.167270996415284","3.9277169866598","4.0563336",NA,NA,NA,"-7","6","",38.2483,-109.3883,1801.24,"OSH"
"US-xML","US-xML","2.90882994527413","0.232960250003224","yes","yes","0.0129283405900023","yes","2.0335518807308","0.53867241770859","0.204260059687179","29.4023313568622","24.04011",NA,NA,NA,"-5","6","",37.3783,-80.5248,1170.36,"DBF"
"US-xNG","US-xNG","1.97784785577222","0.261439967457398","yes","yes","0.00926630916847693","yes","3.60885062577595","0.637990725900745","0.220182741422304","16.7378425668142","14.59774",NA,NA,NA,"-6","6","",46.7697,-100.9154,588.51,"GRA"
"US-xNQ","US-xNQ","1.12148744734973","0.157393583803231","yes","yes","0.0046737665910494","yes","6.57352075226678","0.280890077979706","0.258390480647163","5.40218092715655","5.35645",NA,NA,NA,"-7","3","",40.1776,-112.4524,1655.33,"OSH"
"US-xRM","US-xRM","2.22974102449846","0.183524865925419","yes","yes","0.00697502450013905","yes","2.69290109493891","0.380740909724582","0.23885680014297","12.8847565032077","11.509076",NA,NA,NA,"-7","6","",40.2759,-105.5459,2743.94,"ENF"
"US-xSB","US-xSB","2.94928462852746","0.186530046778858","yes","yes","0.00707041389722938","yes","2.39257827561176","0.439852885027083","0.203992196220597","18.0030686941244","15.946484",NA,NA,NA,"-5","6","",29.6893,-81.9934,46.15,"ENF"
"US-xSC","US-xSC","3.31333969070354","0.298449953588553","yes","yes","0.0132669937017169","yes","2.2533151658649","0.657578310315015","0.261222212222155","29.7779991882822","29.0616",NA,NA,NA,"-5","6","",38.8929,-78.1395,353.02,"DBF"
"US-xSE","US-xSE","3.84046546283717","0.297191551971322","yes","yes","0.0111557675336739","yes","1.73279769351044","0.719912529443446","0.275092598089892","35.3714074425522","39.323822",NA,NA,NA,"-5","6","",38.8901,-76.56,9.79,"DBF"
"US-xSJ","US-xSJ","2.78162756265486","0.160624861061406","yes","yes","0.00714374283437457","yes","2.25705307295325","0.402367660981589","0.218274942707121","16.3338553018066","15.433188",NA,NA,NA,"-8","6","",37.1088,-119.7323,398.8,"SAV"
"US-xSL","US-xSL","2.43902623129898","0.170645496413253","yes","yes","0.00390098386605509","yes","1.54072102418381","0.391429247987238","0.260458365699298","15.0005955603453","18.29508",NA,NA,NA,"-7","6","",40.4619,-103.0293,1364.89,"CRO"
"US-xSR","US-xSR","2.1624996082139","0.102181202547539","yes","yes","0.00197834091620995","yes","2.98344667637355","0.208134088251286","0.186221257428067","6.42994678593495","7.2594602",NA,NA,NA,"-7","6","",31.9107,-110.8355,997.32,"OSH"
"US-xST","US-xST","3.19298919776415","0.279934810117282","yes","yes","0.013565021686223","yes","2.65278876245396","0.724905596418994","0.262384044537425","32.5624649138956","30.33884",NA,NA,NA,"-6","6","",45.5089,-89.5864,475.42,"DBF"
"US-xTA","US-xTA","3.16211435003117","0.295115223443879","yes","yes","0.00955062968414737","yes","1.70230577364551","0.62655316620793","0.221503293079263","27.2249080007891","22.534198",NA,NA,NA,"-6","6","",32.9505,-87.3933,165.87,"ENF"
"US-xTL","US-xTL","1.35907567600279","0.111679503782985","yes","yes","0.0078813382079618","yes","4.70501553410601","0.494655655072202","0.169411571122206","9.10064642873748","7.2937788",NA,NA,NA,"-9","6","",68.6611,-149.3705,827.85,"WET"
"US-xTR","US-xTR","3.54730764866964","0.265039937895388","yes","yes","0.012305417899619","yes","2.10874047959215","0.625151110284193","0.225873789773869","29.4352643861253","27.67109",NA,NA,NA,"-6","6","",45.4937,-89.5857,466.34,"DBF"
"US-xUK","US-xUK","3.54893685931097","0.302718705118274","yes","yes","0.0100662518595379","yes","1.78337570814408","0.725486508371922","0.276129901957203","31.6727994594613","32.163984",NA,NA,NA,"-6","6","",39.0404,-95.1921,321.35,"DBF"
"US-xUN","US-xUN","3.44610538810613","0.236376513647719","yes","yes","0.0115093331294064","yes","2.31562027849176","0.655596113784267","0.234825233159314","28.0348119377615","27.83336",NA,NA,NA,"-6","6","",46.2339,-89.5373,521.47,"MF"
"US-xWD","US-xWD","2.39634914406317","0.221324032645821","yes","yes","0.00734646153078863","yes","2.59663359320779","0.593791467492647","0.22680598622326","18.300126656219","15.56075",NA,NA,NA,"-6","6","",47.1282,-99.2414,590.92,"GRA"
"US-YK2","US-YK2","1.69894026337531","0.112112296482492","yes","yes","0.00945211105108852","yes","4.16627703020855","0.41769188787554","0.145924920069483","11.7077841642379","9.9088937","2.95513292409564","8.05436495252442","0.851824136679621","-9","6","",61.2548,-163.259,18.68,"WET"
"ZA-Kru","ZA-Kru","3.70274430833031","0.262253769406634","yes","yes","0.00479030817115694","yes","-0.0135108139813833","0.455920605066229","0.247380173282195","26.4286174743701","22.848164",NA,NA,NA,"2","7","Skukuza",-25.0197,31.4969,359,"SAV"
"ZM-Mon","ZM-Mon","3.09596380392596","0.229385654831902","yes","yes","0.00905345163108814","yes","1.98120887461684","0.524945202399429","0.245559016013744","23.0550228204703","18.395561",NA,NA,NA,"2","10","Mongu",-15.4391,23.2525,1053,"DBF"
